,artist_name,plays,songs,var,std
0,Kontra K,12009,202,5247.393059455198,72.43889189831108
1,PNL,7777,54,7326.395877009087,85.59436825521342
2,Depeche Mode,7150,306,402.2852673309761,20.057050314813893
3,RAF Camora,4223,112,1852.0835746460748,43.03584058254323
4,Bonez MC,4209,110,3691.5720600500404,60.75830856804722
5,Joshi Mizu,3414,75,2385.9556756756747,48.846245256679396
6,Gzuz,3243,71,4747.6221327967805,68.90299073913106
7,AK AUSSERKONTROLLE,3187,80,1884.8973101265822,43.41540406499267
8,Mavi Phoenix,3123,45,2144.5636363636363,46.30943355692916
9,Moop Mama,2632,86,1308.1712722298223,36.168650406530546
10,Trettmann,2195,46,1875.2739130434784,43.304432949104395
11,Seeed,2149,81,879.6271604938274,29.658509074021698
12,Lorde,1547,26,5208.98,72.17326374773417
13,Olli Schulz,1510,40,811.3205128205128,28.483688539592496
14,Olexesh,1252,47,937.7141535615175,30.622118698116196
15,Avicii,1227,33,2920.9034090909086,54.045382865614975
16,01099,1097,26,3533.4415384615395,59.44275850313089
17,Capital Bra,1070,91,368.0520146520147,19.18468177093419
18,Von Wegen Lisbeth,1056,22,834.0952380952381,28.880707022080294
19,Haiyti,1019,51,530.5796078431372,23.03431370462635
20,LX,953,21,5657.447619047621,75.21600640187978
21,Dendemann,908,19,1708.5087719298247,41.33411148107365
22,Robin Schulz,870,28,4175.47619047619,64.61792468407036
23,187 Strassenbande,775,41,422.440243902439,20.553351159906722
24,Maxwell,706,56,660.2064935064934,25.694483717453704
25,Milliarden,691,15,1576.3523809523806,39.70330440847941
26,Marteria,683,93,157.3803179055633,12.545131243058531
27,Major Lazer,662,30,2145.305747126437,46.317445386446316
28,Beginner,647,27,2688.0370370370365,51.84628276971298
29,Eminem,639,30,1138.9758620689656,33.7487164506884
30,Betterov,622,23,2010.8616600790517,44.84263217161825
31,Dave Gahan,568,27,998.5754985754987,31.600245229673437
32,Ellie Goulding,563,34,1156.4358288770052,34.00640864421007
33,Soulsavers,560,13,194.74358974358975,13.955056063792426
34,BTNG,516,22,632.8311688311686,25.156135808807534
35,Azet,486,17,875.0073529411765,29.580523202627376
36,Calvin Harris,467,17,2018.6397058823532,44.92927448648991
37,Falco,462,18,1620.5882352941176,40.25653034346251
38,Biffy Clyro,458,56,143.27662337662338,11.969821359428192
39,Sa4,441,33,238.73863636363637,15.451169417349496
40,Rammstein,436,58,55.20145190562613,7.429767957724261
41,The Weeknd,429,16,1768.2958333333333,42.05110977528813
42,Green Day,421,25,1048.2233333333331,32.37627732357958
43,David Guetta,396,22,1484.3809523809523,38.527664766774436
44,Nina Chuba,390,19,362.374269005848,19.036130620634225
45,DAT ADAM,387,15,1800.3142857142861,42.43011060219247
46,Katy Perry,349,24,715.4764492753623,26.748391526881804
47,K.I.Z,335,60,200.5522598870057,14.161647499037874
48,Pitbull,330,20,1409.5263157894738,37.54365879598676
49,Reclam Hörbücher,321,180,0.7069832402234636,0.8408229541487694
50,KUMMER,296,16,917.0666666666667,30.283108603092032
51,Plusmacher,280,10,1914.888888888889,43.759443425264095
52,Tiësto,278,35,426.8789915966387,20.66105010875872
53,RAF 3.0,277,22,284.3484848484849,16.862635762195804
54,Felix Jaehn,273,16,1437.3958333333333,37.91300348605124
55,Pink Floyd,270,59,38.48977206312098,6.20401257760822
56,KitschKrieg,267,10,525.7888888888888,22.93008697953169
57,AnnenMayKantereit,266,41,57.85609756097561,7.606319580518269
58,Bushido,265,33,207.59280303030303,14.408081171006188
59,Lil Nas X,257,17,1330.8602941176468,36.480957966008056
60,SXTN,256,24,281.0144927536232,16.763486891265288
61,Hape Kerkeling,255,181,0.8208103130755063,0.9059858238821987
62,Elton John,254,33,212.84280303030303,14.589133045877093
63,Zara Larsson,252,8,1689.4285714285713,41.10265893380343
64,POL1Z1STENS0HN a.k.a. Jan Böhmermann,251,8,1343.125,36.648669825793135
65,John Williams,249,85,5.875910364145658,2.4240277152181364
66,Tove Lo,246,6,3820.4,61.80938440075261
67,Dr. Dre,244,6,4387.866666666668,66.24097422794043
68,Ufo361,239,33,115.31439393939395,10.738453982738575
69,Pet Shop Boys,236,27,87.43019943019944,9.35041172517015
70,Bausa,234,20,297.0631578947367,17.235520238586844
71,Tears For Fears,227,5,3696.3,60.79720388307344
72,Cha Se-Eun,226,18,8.614379084967322,2.9350262494511563
73,Alligatoah,218,36,107.19682539682536,10.353589976275154
74,Skinny Al,213,9,1545.9999999999998,39.319206502674994
75,Edwin Pearson,213,17,9.014705882352942,3.0024499799918303
76,Clean Bandit,213,7,1921.2857142857144,43.83247328506246
77,Adele,211,16,686.0291666666667,26.192158495753393
78,Flo Rida,206,10,1293.1555555555558,35.96047212642731
79,Jan Böhmermann,205,51,122.13960784313731,11.05167896037237
80,Tropikel Ltd,204,15,536.9714285714288,23.172643970238457
81,SKYYZ,199,15,15.923809523809526,3.9904648255321744
82,delo cloonz,198,16,3.183333333333333,1.7841898254763513
83,Sia,197,25,327.9433333333333,18.109205762079498
84,Nicki Minaj,194,25,10.190000000000001,3.1921779399024737
85,Galantis,193,11,1154.6727272727273,33.980475677552356
86,Juju,189,8,843.4107142857143,29.04153429634382
87,Hanybal,186,14,594.6813186813188,24.38608863022766
88,Kygo,185,13,546.5256410256412,23.377887864938554
89,Coldplay,184,33,164.4393939393939,12.823392450494289
90,Ava Max,183,9,1290.5,35.92352989337211
91,Alexander Marcus,182,38,16.008534850640114,4.001066714095145
92,Megan Thee Stallion,182,22,4.874458874458874,2.207817672376701
93,Jess Glynne,180,3,2847.0,53.3572862878164
94,Demi Lovato,174,7,1648.8095238095239,40.60553563012713
95,Giant Rooks,174,24,66.6304347826087,8.162746767026936
96,Apache 207,172,5,1637.8000000000002,40.46974178321379
97,Danger Dan,172,2,1250.0,35.35533905932738
98,John D. Boswell,170,14,304.13186813186815,17.43937694219229
99,Bastille,167,37,118.64564564564567,10.89245820031666
100,Nappy Roots,166,1,,
101,Marlon Roudette,165,2,144.5,12.020815280171307
102,Kendrick Lamar,164,13,1055.7564102564104,32.49240542428969
103,Lilly Wood and The Prick,163,3,8533.333333333332,92.37604307034012
104,Natalie La Rose,159,2,12324.5,111.01576464628796
105,Deichkind,156,24,122.6086956521739,11.07288109085318
106,Herbert Grönemeyer,155,65,4.490384615384615,2.1190527637094396
107,XATAR,154,9,1962.8611111111109,44.304188414992
108,Jasmine Thompson,154,12,664.6969696969696,25.781717741395155
109,Queen,151,19,544.1637426900587,23.3273175202392
110,Meghan Trainor,150,8,785.0714285714286,28.01912612076666
111,U2,150,25,58.583333333333336,7.65397500213669
112,DJ Snake,149,5,3337.2000000000003,57.76850352917237
113,Charli XCX,148,7,2393.4761904761904,48.92316619431116
114,Roy Bianco & Die Abbrunzati Boys,146,4,591.0,24.310491562286437
115,DMX,146,6,863.8666666666668,29.39160877983148
116,Bilderbuch,146,11,295.8181818181818,17.199365738834146
117,Adam Lambert,146,4,2097.0,45.79301256742124
118,Scarlet Pleasure,144,4,1822.0,42.68489194082609
119,Far East Movement,144,1,,
120,Sigala,144,7,703.2857142857143,26.51953457897997
121,Johannes Brahms,143,29,91.35221674876847,9.55783535894862
122,M.I.A.,142,3,5392.333333333332,73.43250869562698
123,AchtVier,140,10,429.55555555555554,20.725722075613085
124,Hasuna,137,1,,
125,Cornelia Funke,136,58,1.5632183908045976,1.2502873232999676
126,Lady Gaga,136,12,590.060606060606,24.291163126960512
127,LunchMoney Lewis,135,3,2677.0,51.73973328110612
128,David Bowie,134,24,183.03623188405797,13.52908836115937
129,VIZE,133,3,1434.3333333333335,37.87259343289463
130,Måns Zelmerlöw,132,2,8450.0,91.92388155425118
131,Cigarettes After Sex,132,24,29.91304347826087,5.469281806440483
132,OneRepublic,131,14,187.17032967032966,13.681020783199244
133,Alessia Cara,130,3,2094.3333333333335,45.76388678131845
134,Ariana Grande,127,18,56.05555555555555,7.487025815072067
135,Travis Scott,126,10,573.6,23.949947807876327
136,Lost Frequencies,126,5,2004.1999999999998,44.76829235072519
137,Bosse,123,35,29.904201680672273,5.468473432382411
138,Axwell /\ Ingrosso,122,5,2510.2999999999997,50.102894127984264
139,Martin Garrix,122,12,751.7878787878788,27.418750496473738
140,Zuna,120,20,166.21052631578948,12.892266143536965
141,Martin Solveig,120,5,2588.0,50.872389367907616
142,Tungevaag,120,5,2532.0,50.3189825016365
143,Men Without Hats,117,1,,
144,Jack Garratt,116,7,646.9523809523811,25.43525861776092
145,Doja Cat,116,17,10.654411764705884,3.2641096434871613
146,LGoony,116,4,974.6666666666666,31.219651930581588
147,Ali As,115,10,412.5,20.310096011589902
148,Alan Walker,114,12,370.8181818181818,19.256639941022467
149,CRO,113,4,2234.25,47.26785376976619
150,Kraftklub,113,10,216.23333333333332,14.704874475266129
151,Maeckes,112,5,56.300000000000004,7.503332592921629
152,Philip George,111,1,,
153,Die Fantastischen Vier,110,28,80.95767195767193,8.997648134800112
154,XOV,110,1,,
155,The Chainsmokers,110,8,322.7857142857143,17.9662381784756
156,Chris Brown,109,12,511.9015151515152,22.625240665051834
157,Madcon,108,4,2704.0,52.0
158,Feder,107,2,5100.5,71.4177848998413
159,Disclosure,106,7,1304.1428571428576,36.11291814770523
160,Anna Naklab,106,1,,
161,Mr. Cool Guy Producer Guy,105,1,,
162,DJ Erise,102,9,961.0,31.0
163,Mark Ronson,101,2,4704.5,68.58935777509511
164,Hoodie Allen,101,3,3201.333333333334,56.58032638058333
165,Camouflage,101,3,1209.3333333333333,34.7754702819866
166,OMI,101,6,626.5666666666667,25.031313722349186
167,Billie Eilish,99,7,706.4761904761905,26.57961983317652
168,Sam Smith,99,13,123.08974358974363,11.094581722162564
169,Jala Brat,99,1,,
170,Gronkh & Sarazar (Die Superhomies),98,1,,
171,Provinz,98,7,739.3333333333334,27.190684679377483
172,Liser,97,5,947.3000000000001,30.77823906593748
173,M83,97,4,2162.25,46.5
174,Loïc Nottet,97,1,,
175,DCVDNS,97,18,96.6045751633987,9.828762646610137
176,Beth Hart,96,47,1.4764107308048107,1.2150764300260337
177,Klingande,96,1,,
178,Rihanna,94,16,33.05,5.748912940721924
179,Cardi B,94,11,13.672727272727272,3.6976651109487015
180,Louane,94,4,1533.6666666666667,39.16205646626166
181,Beyoncé,94,13,6.858974358974358,2.6189643676412167
182,John Newman,94,8,387.64285714285717,19.68864792571743
183,Olly Murs,93,2,3960.5,62.932503525602726
184,G-Eazy,93,6,757.9,27.52998365419057
185,Justin Timberlake,92,4,690.0,26.267851073127396
186,Madonna,92,28,29.470899470899464,5.428710663767177
187,GJan,92,1,,
188,Daði Freyr,91,1,,
189,Watermät,91,3,2581.3333333333335,50.80682368868707
190,Imagine Dragons,91,13,187.33333333333334,13.686976778431873
191,Michael Jackson,91,50,4.232244897959182,2.05724206110005
192,Black Eyed Peas,91,13,91.83333333333333,9.582971007643367
193,Jupiter Project,90,2,3872.0,62.22539674441618
194,Rudimental,89,8,774.6964285714286,27.833368976310226
195,Sasha,88,4,1764.0,42.0
196,The Six,87,1,,
197,Nura,87,5,224.8,14.99333185119305
198,KC Rebell,86,17,58.18382352941176,7.627832164475812
199,Katja Krasavice,85,8,234.83928571428572,15.324466898208424
200,Peach Pit,85,5,0.5,0.7071067811865476
201,Empire Cast,84,2,3362.0,57.982756057296896
202,SSIO,82,10,427.9555555555555,20.6870866860357
203,DR. KUCHO!,82,3,2002.3333333333335,44.747439405326126
204,Foo Fighters,82,50,7.337142857142859,2.708716090169448
205,Cœur De Pirate,81,1,,
206,Shawn Mendes,81,7,620.2857142857143,24.90553581607339
207,Stefanie Heinzmann,81,2,3120.5,55.86143571373726
208,Macklemore & Ryan Lewis,81,7,232.61904761904768,15.251853907608991
209,Phil Fuldner,81,1,,
210,Linkin Park,80,22,53.76623376623375,7.33254619939307
211,Alex The Flipper,80,2,3042.0,55.154328932550705
212,The Killers,79,5,101.2,10.059821071967434
213,DISSY,79,1,,
214,Udo Lindenberg,79,22,90.53896103896102,9.515196321619488
215,ZHU,78,5,1065.8,32.64659247149693
216,Jonas Blue,78,5,602.3,24.541801074900757
217,Kwabs,77,4,1284.25,35.83643397437864
218,Riton,77,4,1332.25,36.5
219,Kanye West,77,14,211.96153846153845,14.558898943997738
220,Jeff Kaale,76,25,0.04000000000000001,0.2
221,GRiNGO,75,8,236.83928571428572,15.389583675794668
222,Die drei ???,75,74,0.01351351351351352,0.11624763874381931
223,The Human League,75,4,1260.25,35.5
224,Twenty One Pilots,74,6,306.2666666666666,17.500476183997584
225,Celo & Abdi,74,5,729.2,27.003703449712226
226,Michal Kleofas Oginski,74,2,2592.0,50.91168824543142
227,Alex Adair,74,2,2592.0,50.91168824543142
228,KYTES,73,1,,
229,Sido,71,20,43.7342105263158,6.613184597931302
230,Soner Sarıkabadayı,71,2,144.5,12.020815280171307
231,Foxes,71,4,1122.25,33.5
232,Antonio Vivaldi,70,41,3.26219512195122,1.8061547890342122
233,Luca Kaminski,70,8,463.07142857142856,21.519094510955348
234,Shindy,70,30,10.229885057471261,3.1984191497474592
235,Wanda,69,7,51.80952380952382,7.1978832867395
236,Buntspecht,69,10,154.76666666666665,12.440525176481364
237,will.i.am,69,6,589.5,24.279621084357967
238,Udo Jürgens,69,18,10.02941176470588,3.166924654093602
239,Joker Bra,69,1,,
240,Alle Farben,68,6,162.26666666666668,12.738393409950357
241,Donkey Kid,67,1,,
242,"Baddiel, Skinner & Lightning Seeds",67,2,1404.5,37.476659402887016
243,LÉON,67,2,1984.5,44.54772721475249
244,Lizzo,66,4,205.66666666666666,14.341083176199302
245,JADED,65,1,,
246,Lana Del Rey,65,23,37.42292490118575,6.117427964527719
247,Iggy Azalea,65,9,13.444444444444443,3.6666666666666665
248,Chakuza,65,6,469.3666666666666,21.664871720521834
249,Kasta,64,1,,
250,Redman,64,1,,
251,Schorl3,63,2,1860.5,43.1335136523794
252,Matt Simons,63,1,,
253,Dua Lipa,63,7,111.66666666666667,10.567244989431572
254,Vegedream,62,1,,
255,Domiziana,62,2,1800.0,42.42640687119285
256,Rico,62,6,111.06666666666665,10.538817137927133
257,Rajju Baba,62,1,,
258,YONII,62,8,278.5,16.688319268278637
259,On June,61,2,1740.5,41.71930009000631
260,B.o.B,61,1,,
261,Kräuterbeet,60,1,,
262,Mine,60,3,1083.0,32.90896534380867
263,Pearl Jam,60,4,0.6666666666666666,0.816496580927726
264,Die Orsons,60,5,58.0,7.615773105863909
265,Arctic Monkeys,60,12,40.72727272727273,6.381792281739725
266,Ronny Trettmann,60,1,,
267,AURORA,60,5,605.0,24.596747752497688
268,Sheppard,59,2,1624.5,40.30508652763321
269,Drake,59,18,19.977124183006534,4.4695776291509395
270,Johann Sebastian Bach,58,20,60.936842105263146,7.806205358896418
271,Alesso,58,3,1008.3333333333335,31.75426480542942
272,Hellberg,58,2,1568.0,39.59797974644666
273,Fatal,57,4,184.91666666666666,13.59840676942217
274,LetMeFeelYou,57,1,,
275,Ludwig van Beethoven,57,36,1.2214285714285715,1.105182596419511
276,RÜFÜS DU SOL,57,3,919.0,30.315012782448235
277,Stromae,57,11,142.56363636363636,11.940001522765245
278,Timbaland,56,7,267.6666666666667,16.36052158907737
279,Toby Turner,56,1,,
280,Dima,56,2,1458.0,38.18376618407357
281,AlunaGeorge,56,2,1458.0,38.18376618407357
282,navy,56,1,,
283,Peter Fox,55,11,34.4,5.865151319446072
284,TAL,55,6,160.16666666666669,12.655697004379753
285,Mando Diao,55,4,76.91666666666667,8.770214744615247
286,Izzy Bizu,55,2,1404.5,37.476659402887016
287,Vladimir Cauchemar,54,1,,
288,GReeeN,53,3,833.3333333333333,28.867513459481287
289,Frittenbude,53,4,260.25,16.132265804901678
290,Edwin Rosen,53,2,84.5,9.192388155425117
291,Gestört aber GeiL,53,4,508.25,22.544400635190993
292,X Ambassadors,53,3,833.3333333333333,28.867513459481287
293,Kate Bush,52,36,4.025396825396823,2.0063391601114757
294,Hasan.K,52,10,133.2888888888889,11.545080722493408
295,Fünf Sterne deluxe,52,1,,
296,Elle King,51,1,,
297,Westernhagen,51,23,7.359683794466405,2.712873715171129
298,Foals,50,3,0.33333333333333337,0.5773502691896258
299,Wallners,50,4,123.0,11.090536506409418
300,nand,50,4,529.0,23.0
301,HUGEL,50,2,882.0,29.698484809834994
302,Electric Callboy,50,3,0.33333333333333337,0.5773502691896258
303,Capo,49,4,420.9166666666667,20.516253719104437
304,Nothing But Thieves,48,4,54.0,7.3484692283495345
305,Antoine de Saint-Exupéry,48,31,0.45591397849462356,0.6752140242135256
306,ENNIO,48,2,50.0,7.0710678118654755
307,Nelly Furtado,47,3,602.3333333333334,24.54248017893329
308,Trans-X,47,2,60.5,7.7781745930520225
309,Jugglerz,46,7,192.2857142857143,13.86671245413686
310,Eazy-E,46,1,,
311,IDLES,46,2,128.0,11.313708498984761
312,The Holy Santa Barbara,45,1,,
313,Fifth Harmony,45,7,83.28571428571428,9.126100716391107
314,Animus,45,1,,
315,Heaven 17,44,3,120.33333333333334,10.96965511460289
316,TJ_beastboy,44,4,400.0,20.0
317,Maroon 5,44,12,22.60606060606061,4.7545831159062315
318,Kollegah,44,28,0.6984126984126986,0.8357108940373451
319,Naughty Boy,44,1,,
320,Casper,43,8,47.982142857142854,6.926914382114366
321,Madsen,43,3,16.333333333333332,4.041451884327381
322,ABBA,43,6,36.56666666666666,6.047037842337905
323,Sexion d'Assaut,43,7,185.1428571428571,13.60672102833218
324,Eunique,42,7,97.0,9.848857801796104
325,Fatoni,42,6,154.0,12.409673645990857
326,Kungs,42,3,91.0,9.539392014169456
327,Ed Sheeran,42,9,39.99999999999999,6.324555320336758
328,Faul & Wad,41,1,,
329,Matoma,41,4,92.91666666666667,9.63932916061417
330,Dami Im,41,1,,
331,Nirvana,40,4,36.666666666666664,6.0553007081949835
332,Charlie Puth,40,3,292.33333333333326,17.097758137642877
333,Kate Ryan,40,1,,
334,Wir sind Helden,40,6,59.466666666666654,7.711463328491335
335,Weekend,39,3,432.0,20.784609690826528
336,JAW,39,1,,
337,Dire Straits,39,4,36.916666666666664,6.075908711186061
338,Enkelschreck,39,5,65.69999999999999,8.105553651663778
339,Kronkel Dom,39,1,,
340,Ashnikko,39,4,30.916666666666668,5.560275772537426
341,Dr. Peacock,38,4,227.0,15.066519173319364
342,RuPaul,38,2,648.0,25.45584412271571
343,Foster The People,38,2,648.0,25.45584412271571
344,Lena,38,2,512.0,22.627416997969522
345,Troye Sivan,38,3,202.33333333333337,14.224392195567914
346,Snoop Dogg,38,11,28.072727272727274,5.298370246852071
347,The Veils,37,3,385.3333333333333,19.629909152447276
348,Jason Derulo,37,8,81.98214285714286,9.054399088682963
349,Sophia Black,37,1,,
350,Twizzy Esco,37,2,612.5,24.748737341529164
351,Trailerpark,36,5,162.70000000000002,12.755391017134677
352,Lotto King Karl,36,1,,
353,Revolverheld,36,5,150.20000000000005,12.255610959882826
354,Édith Piaf,35,20,2.6184210526315788,1.6181535936466533
355,Big Wild,35,2,180.5,13.435028842544403
356,MØ,35,3,252.33333333333337,15.885003409925142
357,Icona Pop,35,2,480.5,21.920310216782973
358,Veysel,35,7,46.0,6.782329983125268
359,Jetta,35,1,,
360,New Order,35,2,480.5,21.920310216782973
361,Farruko,34,2,512.0,22.627416997969522
362,Ratifo,34,4,77.66666666666667,8.812869377601524
363,De Fofftig Penns,34,21,2.8476190476190473,1.6874889770363086
364,DNCE,34,2,512.0,22.627416997969522
365,Lukas Graham,34,4,81.0,9.0
366,RIN,34,12,2.8787878787878785,1.696699112626596
367,Hans Zimmer,34,14,3.4945054945054936,1.8693596482500348
368,Justin Bieber,34,10,11.822222222222221,3.438345855527367
369,257ers,34,7,71.8095238095238,8.474050024015895
370,Wiz Khalifa,34,6,74.26666666666665,8.6178110136314
371,Anime Allstars,34,6,90.26666666666665,9.500877152487904
372,Peter Plate,33,2,480.5,21.920310216782973
373,Jennifer Lopez,33,5,52.3,7.231873892705818
374,Dynoro,33,1,,
375,Flume,33,5,143.29999999999998,11.970797801316333
376,Max Giesinger,32,5,27.799999999999997,5.272570530585627
377,Jan Delay,32,6,41.06666666666667,6.408327915038889
378,Requin Chagrin,32,1,,
379,De Staat,31,2,40.5,6.363961030678928
380,Nimo,31,10,35.43333333333333,5.952590472502987
381,MARINA,31,5,24.700000000000003,4.969909455915671
382,Fetty Wap,31,6,49.36666666666666,7.026141662866374
383,Britney Spears,31,4,20.916666666666668,4.573474244670748
384,Die Lochis,31,7,21.95238095238095,4.685336802448779
385,The Beatles,31,28,0.32142857142857123,0.5669467095138406
386,Frauenarzt,31,2,420.5,20.506096654409877
387,The Hunna,30,2,0.0,0.0
388,Panjabi MC,30,13,7.2307692307692335,2.689008968145929
389,Zugezogen Maskulin,30,4,169.0,13.0
390,Fergie,30,5,22.0,4.69041575982343
391,Baroque Festival Orchestra,30,11,14.618181818181819,3.8233730942953787
392,Libuda,30,4,43.666666666666664,6.60807586719967
393,Saweetie,30,4,1.6666666666666667,1.2909944487358056
394,Mac Miller,29,21,0.6476190476190478,0.8047478161629565
395,Unlike Pluto,29,2,364.5,19.091883092036785
396,Lindiwe Mkhize,29,1,,
397,18 Karat,29,7,62.14285714285717,7.883074092183656
398,Turbostaat,29,2,0.5,0.7071067811865476
399,Plastik Funk,29,3,200.33333333333334,14.153915830374764
400,James Newton Howard,29,1,,
401,Antilopen Gang,29,4,96.91666666666667,9.844626283748239
402,Mike Posner,29,1,,
403,John Travolta,29,2,264.5,16.263455967290593
404,Years & Years,28,4,66.66666666666667,8.16496580927726
405,Die Ärzte,28,4,40.666666666666664,6.377042156569663
406,Lil Wayne,28,5,74.79999999999998,8.64869932417586
407,Udo Lindenberg & Das Panik-Orchester,28,1,,
408,Pokémon,28,11,11.872727272727275,3.4456824103110946
409,DJ Jason Medallion,27,1,,
410,Bruno Mars,27,10,18.900000000000002,4.347413023856832
411,Frank Sinatra,27,7,10.142857142857142,3.1847852585154217
412,Yall,27,1,,
413,Noizy,27,1,,
414,HGich.T,27,3,73.0,8.54400374531753
415,Dilla,27,3,49.0,7.0
416,Jim Pandzko,27,1,,
417,Volker Bertelmann,27,24,0.11413043478260869,0.3378319623460881
418,Summer Cem,27,8,13.125,3.6228441865473595
419,Zaz,27,4,117.58333333333333,10.843584893075414
420,Billy Joel,26,4,40.333333333333336,6.3508529610858835
421,Miley Cyrus,26,6,16.666666666666668,4.08248290463863
422,Grossstadtgeflüster,26,1,,
423,Garmiani,26,1,,
424,Phil Collins,25,2,144.5,12.020815280171307
425,Daft Punk,25,8,11.553571428571429,3.399054490379851
426,TOTO,25,2,112.5,10.606601717798213
427,Alala,25,1,,
428,Zedd,25,7,21.952380952380953,4.68533680244878
429,Louis Armstrong,25,2,264.5,16.263455967290593
430,Spada,25,2,220.5,14.849242404917497
431,TeeEyeEssEe,25,2,0.5,0.7071067811865476
432,Sean Paul,24,9,15.5,3.9370039370059056
433,Murray Head,24,2,162.0,12.727922061357855
434,Hilight Tribe,24,3,127.0,11.269427669584644
435,Regendans,24,1,,
436,TiDUS,24,1,,
437,Apecrime,24,16,0.4,0.6324555320336759
438,Alanis Morissette,24,19,1.31578947368421,1.1470786693528086
439,El Profesor,24,1,,
440,Taron Egerton,24,20,0.16842105263157897,0.41039134083406165
441,Franz Schubert,24,24,0.0,0.0
442,Joker Bratan,23,1,,
443,Gwen Stefani,23,4,31.583333333333332,5.619905100029122
444,Schwesta Ewa,23,11,5.690909090909091,2.3855626361320073
445,Carly Rae Jepsen,22,4,51.0,7.14142842854285
446,MILAN,22,5,11.3,3.361547262794322
447,Drunken Masters,22,1,,
448,Die Prinzen,22,5,30.3,5.504543577809154
449,Skrillex,22,5,29.800000000000004,5.458937625582473
450,Coup,22,4,81.0,9.0
451,Mortel,22,1,,
452,Blümchen,22,9,15.777777777777777,3.9721250959376615
453,Rae Sremmurd,22,8,1.9285714285714286,1.3887301496588271
454,Armin van Buuren,22,9,5.527777777777779,2.3511226632776476
455,JD McCrary,22,1,,
456,Wheatus,21,1,,
457,Jame,21,2,180.5,13.435028842544403
458,Whitney Houston,21,4,13.583333333333334,3.685557397915997
459,Ludwig Göransson,21,13,2.756410256410257,1.6602440351979153
460,Sandra,21,1,,
461,Flo Milli,21,3,1.0,1.0
462,Shirin David,21,9,3.0000000000000004,1.7320508075688774
463,Jack Ü,21,3,108.0,10.392304845413264
464,Mike Jay,21,1,,
465,Macklemore,21,2,180.5,13.435028842544403
466,Glasperlenspiel,21,7,5.666666666666667,2.3804761428476167
467,Tom Schilling & The Jazz Kids,21,1,,
468,Gustav,20,1,,
469,WALK THE MOON,20,2,162.0,12.727922061357855
470,Marsimoto,20,11,0.7636363636363636,0.8738628975053029
471,P!nk,20,9,5.444444444444445,2.3333333333333335
472,Jessie J,20,4,23.333333333333332,4.83045891539648
473,Johnny Cash,20,6,32.66666666666667,5.715476066494083
474,Jul,20,11,1.3636363636363633,1.1677484162422844
475,JAY-Z,20,8,2.2857142857142856,1.5118578920369088
476,DJ BoBo,20,6,5.866666666666667,2.4221202832779936
477,ZAYN,20,6,11.866666666666664,3.4448028487370164
478,Josh Gad,20,1,,
479,Elisa Valerie,20,1,,
480,DeeZeeK,19,11,4.418181818181818,2.101947149236112
481,James Arthur,19,2,60.5,7.7781745930520225
482,Dimitri Vegas & Like Mike,19,8,3.4107142857142856,1.8468119248354136
483,Hozier,19,2,112.5,10.606601717798213
484,Mike Perry,19,1,,
485,Bea Miller,19,1,,
486,Electric Light Orchestra,19,4,56.25,7.5
487,George Ezra,19,4,17.583333333333332,4.193248541803041
488,"Original Ensemble vom ""Broadway Musical im Hamburger Hafen""",19,19,0.0,0.0
489,JORIS,18,3,75.0,8.660254037844387
490,Clueso,18,7,13.952380952380958,3.7352886036263593
491,Bonnie Tyler,18,3,19.0,4.358898943540674
492,Kay One,18,11,1.6545454545454543,1.2862913567871994
493,Taylor Swift,18,4,17.0,4.123105625617661
494,Paperblossom,18,3,61.0,7.810249675906654
495,NIHILS,18,1,,
496,Selena Gomez,18,7,2.285714285714286,1.511857892036909
497,Wale,18,1,,
498,DJ Kuba,18,1,,
499,Kelly Clarkson,18,5,10.8,3.286335345030997
500,Panda Eyes,18,1,,
501,Michael William Rivera,18,1,,
502,SpongeBob Schwammkopf,18,13,1.2564102564102562,1.12089707663561
503,BonezMC & Mosh36,18,1,,
504,Tyga,18,7,4.285714285714286,2.0701966780270626
505,Teho Teardo,17,1,,
506,Helene Fischer,17,2,112.5,10.606601717798213
507,YNW Melly,17,3,52.33333333333333,7.234178138070234
508,Guillaume de Machaut,17,2,0.5,0.7071067811865476
509,Rico Nasty,17,2,0.5,0.7071067811865476
510,King Khalil,17,1,,
511,Prince,17,2,84.5,9.192388155425117
512,Lewis Capaldi,17,3,65.33333333333333,8.082903768654761
513,Bloodhound Gang,17,2,60.5,7.7781745930520225
514,Imany,17,1,,
515,EnteTainment,17,1,,
516,Mudi,16,2,72.0,8.48528137423857
517,Trio,16,4,12.666666666666666,3.559026084010437
518,Post Malone,16,7,1.5714285714285714,1.2535663410560174
519,Puhdys,16,11,0.872727272727273,0.9341987329938277
520,Roger Rekless,16,13,0.19230769230769232,0.4385290096535146
521,Muffelwild,16,1,,
522,Arlo Parks,16,1,,
523,Shouse,16,3,34.333333333333336,5.8594652770823155
524,Atomic Kitten,16,4,4.666666666666667,2.160246899469287
525,The Dead South,16,1,,
526,Jason Hayes,16,16,0.0,0.0
527,kostromin,16,1,,
528,Sam Cooke,16,3,56.333333333333336,7.505553499465135
529,Lupe Fiasco,16,1,,
530,George Michael,16,3,4.333333333333333,2.0816659994661326
531,Usher,16,5,19.2,4.381780460041329
532,City Girls,16,2,2.0,1.4142135623730951
533,Tobu,16,10,0.48888888888888893,0.6992058987801011
534,Cher,15,5,0.5,0.7071067811865476
535,Faber,15,4,30.25,5.5
536,Sugababes,15,6,3.1,1.760681686165901
537,Angelo Branduardi,15,1,,
538,AC/DC,15,11,0.4545454545454545,0.674199862463242
539,Slayyyter,15,2,0.5,0.7071067811865476
540,Nicky Jam,15,1,,
541,Daryl Hall & John Oates,15,4,17.583333333333332,4.193248541803041
542,Beastie Boys,15,5,20.0,4.47213595499958
543,Lugatti & 9ine,15,3,48.0,6.928203230275509
544,Kraftwerk,15,2,84.5,9.192388155425117
545,The Jackson 5,15,5,20.0,4.47213595499958
546,Mazde,15,1,,
547,blink-182,15,4,30.25,5.5
548,Kenning West Records,14,1,,
549,Mac Quayle,14,3,0.33333333333333337,0.5773502691896258
550,Tinashe,14,4,19.0,4.358898943540674
551,Kid Cudi,14,3,40.33333333333333,6.350852961085883
552,Pharrell Williams,14,9,2.777777777777778,1.6666666666666667
553,Deorro,14,2,72.0,8.48528137423857
554,Julian Klincewicz,14,1,,
555,La Roux,14,2,72.0,8.48528137423857
556,MGMT,14,5,12.200000000000003,3.4928498393145966
557,David Gilmour,14,1,,
558,Alexandre Desplat,14,3,0.33333333333333337,0.5773502691896258
559,Fomadd,14,1,,
560,Måneskin,13,2,60.5,7.7781745930520225
561,Kings of Leon,13,2,40.5,6.363961030678928
562,The Fray,13,1,,
563,Noah,13,3,2.333333333333333,1.5275252316519465
564,Kid Ink,13,6,8.166666666666671,2.857738033247042
565,Damien Rice,13,1,,
566,SUPER-Hi,13,1,,
567,Asaf Avidan,13,2,60.5,7.7781745930520225
568,Bougenvilla,13,1,,
569,Heino,13,5,12.800000000000004,3.5777087639996643
570,Miami Yacine,13,5,1.3,1.140175425099138
571,Metronomy,13,2,24.5,4.949747468305833
572,Avril Lavigne,13,4,8.25,2.8722813232690143
573,The Police,13,1,,
574,viko63,13,1,,
575,Scooter,13,8,0.8392857142857143,0.9161253813129043
576,Jet,13,1,,
577,Bryan Adams,13,5,2.8000000000000003,1.6733200530681511
578,Ludovico Einaudi,13,4,4.25,2.0615528128088303
579,Tal Bachman,13,1,,
580,Dexys Midnight Runners,13,2,24.5,4.949747468305833
581,Mal Élevé,13,8,1.9821428571428572,1.407885953173359
582,Peter Delafose,13,1,,
583,Keimzeit,12,1,,
584,James Bay,12,3,27.0,5.196152422706632
585,The White Stripes,12,1,,
586,Massive Töne,12,1,,
587,Culcha Candela,12,8,0.5714285714285714,0.7559289460184544
588,Janji,12,4,7.333333333333333,2.70801280154532
589,Chiddy Bang,12,1,,
590,The xx,12,11,0.0909090909090909,0.30151134457776363
591,Fettes Brot,12,1,,
592,Teddy Teclebrhan,12,4,16.0,4.0
593,Alexis Troy,12,1,,
594,Ice Cube,12,8,1.1428571428571428,1.0690449676496976
595,carolesdaughter,12,1,,
596,Tinlicker,12,1,,
597,GIMS,12,4,4.666666666666667,2.160246899469287
598,Frankie Goes To Hollywood,12,6,0.8,0.8944271909999159
599,Spider Murphy Gang,12,1,,
600,Redbee,12,1,,
601,Discobitch,12,5,4.3,2.073644135332772
602,T-Wayne,12,1,,
603,J. Cole,12,7,2.2380952380952372,1.496026483086191
604,Gülşen,12,6,2.8,1.6733200530681511
605,Halsey,12,7,1.238095238095238,1.1126972805283735
606,VERBEE,12,1,,
607,Lil Kleine,12,1,,
608,Dafencii,12,1,,
609,NONONO,12,1,,
610,LP,11,1,,
611,French Montana,11,6,1.366666666666667,1.1690451944500122
612,Different Heaven,11,3,4.333333333333334,2.081665999466133
613,Brynny,11,1,,
614,Camila Cabello,11,2,40.5,6.363961030678928
615,Blonde,11,3,21.333333333333336,4.618802153517007
616,Pöbel MC,11,8,0.5535714285714286,0.7440238091428449
617,Haftbefehl,11,5,1.2,1.0954451150103321
618,Fountains Of Wayne,11,1,,
619,Silentó,11,1,,
620,Gorillaz,11,2,40.5,6.363961030678928
621,"Earth, Wind & Fire",11,3,4.333333333333334,2.081665999466133
622,Journey,11,1,,
623,Powfu,11,1,,
624,Band Aid,11,4,4.25,2.0615528128088303
625,Endor,11,1,,
626,rain,11,1,,
627,Mark Forster,11,6,1.366666666666667,1.1690451944500122
628,Howard Shore,11,2,0.5,0.7071067811865476
629,Ennio Morricone,11,2,0.5,0.7071067811865476
630,The Proclaimers,11,1,,
631,Alphaville,11,6,1.366666666666667,1.1690451944500122
632,Mike WiLL Made-It,11,2,24.5,4.949747468305833
633,Band Aid 30,11,2,40.5,6.363961030678928
634,Akros,10,1,,
635,Weather Factory,10,3,2.333333333333333,1.5275252316519465
636,Christoph M. Kaiser,10,2,2.0,1.4142135623730951
637,Caesars,10,1,,
638,Robbie Williams,10,6,0.6666666666666667,0.816496580927726
639,Migos,10,3,2.333333333333333,1.5275252316519465
640,Harvey Causon,10,9,0.11111111111111112,0.33333333333333337
641,Genetikk,10,8,0.21428571428571427,0.4629100498862757
642,cupcakKe,10,1,,
643,Chili,10,7,0.619047619047619,0.7867957924694431
644,R. City,10,3,16.333333333333332,4.041451884327381
645,Vigiland,10,3,4.333333333333334,2.081665999466133
646,Righeira,10,1,,
647,Carlos Rafael Rivera,10,2,2.0,1.4142135623730951
648,Sam Feldt,10,4,1.6666666666666667,1.2909944487358056
649,Omik K,10,2,32.0,5.656854249492381
650,Dai Burger,10,1,,
651,Die Atzen,10,4,5.666666666666667,2.3804761428476167
652,Bebe Rexha,10,7,0.2857142857142857,0.5345224838248488
653,Nekfeu,10,6,0.6666666666666667,0.816496580927726
654,Harris & Ford,10,1,,
655,Nino Rota,10,3,4.333333333333334,2.081665999466133
656,Justin Hurwitz,10,2,0.0,0.0
657,Mia.,10,1,,
658,Kali Uchis,10,1,,
659,Oskar Schuster,10,9,0.11111111111111112,0.33333333333333337
660,A$AP Rocky,10,3,10.333333333333334,3.2145502536643185
661,jung jaeil,10,2,2.0,1.4142135623730951
662,Martin Jensen,10,2,32.0,5.656854249492381
663,Yung Hurn,10,3,10.333333333333334,3.2145502536643185
664,Nick Jonas,10,4,0.3333333333333333,0.5773502691896257
665,Topic,10,5,3.0,1.7320508075688772
666,Philip Glass,10,2,0.0,0.0
667,Party Pupils,10,1,,
668,Future,10,5,0.5,0.7071067811865476
669,"Beth Hart, Joe Bonamassa",9,7,0.23809523809523814,0.48795003647426666
670,Pyotr Ilyich Tchaikovsky,9,6,1.5,1.224744871391589
671,Propaganda,9,5,0.7000000000000001,0.8366600265340756
672,Ron Bielecki,9,1,,
673,Surf Mesa,9,1,,
674,XXXTENTACION,9,6,0.3,0.5477225575051661
675,Rupert Holmes,9,1,,
676,AronChupa,9,2,12.5,3.5355339059327378
677,Yello,9,5,0.7000000000000001,0.8366600265340756
678,Taio Cruz,9,5,0.7000000000000001,0.8366600265340756
679,Anastacia,9,3,3.0,1.7320508075688772
680,Swarovski Musik Wattens,9,8,0.125,0.3535533905932738
681,Tom Tykwer,9,2,0.5,0.7071067811865476
682,Baby Tate,9,1,,
683,Don Davis,9,2,0.5,0.7071067811865476
684,Kayla Nicole,9,1,,
685,ppcocaine,9,1,,
686,Marshmello,9,5,1.2000000000000002,1.0954451150103324
687,Mia Kodak,9,1,,
688,Jules Verne,9,7,0.23809523809523814,0.48795003647426666
689,Normani,9,1,,
690,6ix9ine,9,3,4.0,2.0
691,Snakehips,9,3,7.0,2.6457513110645907
692,Jmbeatz,9,1,,
693,BIA,9,1,,
694,Desiigner,9,1,,
695,Gustavo Santaolalla,9,2,0.5,0.7071067811865476
696,Wolfgang Petry,9,5,3.200000000000001,1.7888543819998322
697,Scouting For Girls,9,1,,
698,Bibi und Tina,9,1,,
699,Dead Or Alive,9,2,4.5,2.1213203435596424
700,Musicologia dau Comtat,9,1,,
701,Yann Tiersen,9,3,12.0,3.4641016151377544
702,Princess Nokia,9,1,,
703,Karaokefun.cc VA,9,1,,
704,Olivia Rodrigo,9,4,1.5833333333333333,1.2583057392117916
705,Summer Walker,9,1,,
706,Locnville,9,1,,
707,Hurts,9,6,1.5,1.224744871391589
708,Qveen Herby,9,2,24.5,4.949747468305833
709,Tay Money,9,1,,
710,Leony,9,1,,
711,Rick Astley,8,1,,
712,BROCKHAMPTON,8,6,0.2666666666666667,0.5163977794943223
713,Ronan Keating,8,2,8.0,2.8284271247461903
714,Kylie Minogue,8,3,1.3333333333333333,1.1547005383792515
715,Shania Twain,8,3,2.333333333333333,1.5275252316519465
716,Gioachino Rossini,8,2,0.0,0.0
717,Michael Giacchino,8,8,0.0,0.0
718,Basstard,8,1,,
719,Streex,8,1,,
720,darkviktory,8,4,2.0,1.4142135623730951
721,Reyanna Maria,8,1,,
722,Mr. Probz,8,3,4.333333333333334,2.081665999466133
723,Knorkator,8,4,4.0,2.0
724,Mahogany Lox,8,1,,
725,Kurdo,8,5,0.8,0.8944271909999159
726,Michael Bublé,8,4,4.0,2.0
727,Frédéric Chopin,8,6,0.6666666666666667,0.816496580927726
728,K-391,8,4,2.0,1.4142135623730951
729,Little Mix,8,5,0.3,0.5477225575051661
730,Men At Work,8,1,,
731,Red Hot Chili Peppers,8,5,0.8,0.8944271909999159
732,Erica Banks,8,1,,
733,Dzeko & Torres,8,1,,
734,DJ Khaled,8,7,0.1428571428571429,0.3779644730092273
735,Latto,8,1,,
736,Bee Gees,8,3,0.33333333333333337,0.5773502691896258
737,Meek Mill,8,5,0.8,0.8944271909999159
738,Kelvin Jones,8,3,0.33333333333333337,0.5773502691896258
739,Sohodolls,8,1,,
740,One Direction,8,5,1.8000000000000003,1.3416407864998738
741,Prinz Pi,8,4,2.0,1.4142135623730951
742,Eurythmics,8,2,18.0,4.242640687119285
743,Bon Jovi,8,3,2.333333333333333,1.5275252316519465
744,Gliese,8,7,0.1428571428571429,0.3779644730092273
745,Ghazy030,8,1,,
746,Antifuchs,8,1,,
747,Amy Winehouse,8,5,0.8,0.8944271909999159
748,Irene Cara,8,2,8.0,2.8284271247461903
749,Kelis,8,1,,
750,DJ Antoine,8,5,0.8,0.8944271909999159
751,"Original German Cast Of: ""Elisabeth""",7,1,,
752,Itro,7,3,5.333333333333334,2.3094010767585034
753,Owl City,7,4,2.25,1.5
754,Otto Knows,7,1,,
755,Barbatuques,7,1,,
756,Kelvyn Colt,7,4,2.25,1.5
757,50 Cent,7,5,0.8000000000000003,0.8944271909999161
758,Razz,7,2,4.5,2.1213203435596424
759,Donna Summer,7,2,4.5,2.1213203435596424
760,Gustav Mahler,7,1,,
761,Foreigner,7,3,5.333333333333334,2.3094010767585034
762,MoTrip,7,2,0.5,0.7071067811865476
763,Big Sean,7,5,0.3,0.5477225575051661
764,Julia Wolfe,7,1,,
765,Paul Young,7,2,4.5,2.1213203435596424
766,Die Antwoord,7,4,2.25,1.5
767,102 Boyz,7,1,,
768,Outkast,7,2,12.5,3.5355339059327378
769,Namika,7,4,0.9166666666666666,0.9574271077563381
770,Agnes Obel,7,2,0.5,0.7071067811865476
771,Birdy,7,4,0.9166666666666666,0.9574271077563381
772,Hildegard von Bingen,7,1,,
773,Pérotin,7,1,,
774,Philipp Dittberner,7,2,12.5,3.5355339059327378
775,Watsky,7,1,,
776,Destiny's Child,7,1,,
777,Mire Kay,7,1,,
778,EFF,7,1,,
779,Tinie Tempah,7,1,,
780,Cousin Stizz,7,1,,
781,K.Flay,7,2,12.5,3.5355339059327378
782,Mumford & Sons,7,3,5.333333333333334,2.3094010767585034
783,Talstrasse 3-5,7,1,,
784,Mariah Carey,7,2,12.5,3.5355339059327378
785,Volker Rosin,7,7,0.0,0.0
786,Enrique Iglesias,7,3,2.333333333333333,1.5275252316519465
787,The Ting Tings,7,1,,
788,filous,7,2,12.5,3.5355339059327378
789,Torfrock,7,6,0.16666666666666666,0.408248290463863
790,Joachim Witt,7,2,12.5,3.5355339059327378
791,Azealia Banks,7,1,,
792,Daya,7,2,12.5,3.5355339059327378
793,Leoniden,7,3,2.333333333333333,1.5275252316519465
794,Kristen Bell,6,1,,
795,Johannes Oerding,6,3,1.0,1.0
796,Kurt Uenala,6,4,1.0,1.0
797,Gloria Gaynor,6,2,2.0,1.4142135623730951
798,Militärmusik Salzburg,6,4,1.0,1.0
799,Clint Mansell,6,1,,
800,Parson James,6,3,1.0,1.0
801,FiNCH,6,5,0.20000000000000007,0.44721359549995804
802,BB Jürgen,6,2,8.0,2.8284271247461903
803,Stevie Wishart,6,1,,
804,Cutting Crew,6,1,,
805,Mert,6,4,0.3333333333333333,0.5773502691896257
806,Marvin Game,6,4,1.0,1.0
807,Alphabeat,6,1,,
808,Archie,6,6,0.0,0.0
809,Bernd das Brot,6,2,0.0,0.0
810,The Outfield,6,1,,
811,4th Dimension,6,5,0.20000000000000007,0.44721359549995804
812,Roxette,6,4,1.0,1.0
813,Labrinth,6,4,0.3333333333333333,0.5773502691896257
814,Christina Aguilera,6,3,3.0,1.7320508075688772
815,The Corrs,6,2,2.0,1.4142135623730951
816,Rita Ora,6,6,0.0,0.0
817,Westlife,6,2,2.0,1.4142135623730951
818,Calum Scott,6,3,0.0,0.0
819,Natasha Bedingfield,6,2,8.0,2.8284271247461903
820,Klaus Badelt,6,1,,
821,VDSIS,6,6,0.0,0.0
822,Gigi D'Agostino,6,1,,
823,Neil Diamond,6,1,,
824,Bruce Springsteen,6,6,0.0,0.0
825,Helge Schneider,6,3,1.0,1.0
826,Leon Machère,6,3,1.0,1.0
827,Aretha Franklin,6,3,1.0,1.0
828,Céline Dion,6,3,1.0,1.0
829,Majoe,6,3,1.0,1.0
830,Dido,6,2,8.0,2.8284271247461903
831,Gavin Luke,6,5,0.20000000000000007,0.44721359549995804
832,Andrew Lloyd Webber,6,5,0.20000000000000007,0.44721359549995804
833,4 Non Blondes,6,1,,
834,Dirty Heads,6,1,,
835,Adel Tawil,6,4,1.0,1.0
836,Jermaine Jackson,6,1,,
837,Alvaro Soler,6,5,0.20000000000000007,0.44721359549995804
838,Silbermond,6,3,1.0,1.0
839,Ben Salisbury,6,1,,
840,Johann Strauss II,6,2,8.0,2.8284271247461903
841,Hailee Steinfeld,6,2,0.0,0.0
842,Sweet Baby May,6,3,3.0,1.7320508075688772
843,Ultra Naté,6,2,2.0,1.4142135623730951
844,Andreas Gabalier,6,2,8.0,2.8284271247461903
845,Fritz Kalkbrenner,6,5,0.20000000000000007,0.44721359549995804
846,Brooke Candy,6,1,,
847,Rachel Platten,6,3,3.0,1.7320508075688772
848,Audio88,6,1,,
849,Hardwell,6,5,0.20000000000000007,0.44721359549995804
850,Miike Snow,6,5,0.20000000000000007,0.44721359549995804
851,Soft Cell,5,1,,
852,Soulsister,5,1,,
853,Kim Wilde,5,2,4.5,2.1213203435596424
854,Four Tops,5,1,,
855,t.A.T.u.,5,1,,
856,Michael Price,5,1,,
857,R.E.M.,5,2,4.5,2.1213203435596424
858,Belinda Carlisle,5,1,,
859,Urban Cookie Collective,5,1,,
860,Kurt Nilsen,5,1,,
861,Eagle-Eye Cherry,5,1,,
862,Whitesnake,5,2,4.5,2.1213203435596424
863,Tones And I,5,2,4.5,2.1213203435596424
864,Alcazar,5,2,0.5,0.7071067811865476
865,Fall Out Boy,5,2,0.5,0.7071067811865476
866,Genesis,5,4,0.25,0.5
867,Darude,5,1,,
868,Take That,5,2,4.5,2.1213203435596424
869,Slash,5,2,0.5,0.7071067811865476
870,Travis,5,2,4.5,2.1213203435596424
871,The Weather Girls,5,1,,
872,Kodaline,5,3,1.3333333333333335,1.1547005383792517
873,Enya,5,2,4.5,2.1213203435596424
874,Nico & Vinz,5,3,1.3333333333333335,1.1547005383792517
875,The Cratez,5,1,,
876,Söhne Mannheims,5,1,,
877,Tokio Hotel,5,1,,
878,Young Thug,5,4,0.25,0.5
879,The Lumineers,5,2,0.5,0.7071067811865476
880,Johnny Klimek,5,1,,
881,Ella Henderson,5,1,,
882,Lily Allen,5,2,0.5,0.7071067811865476
883,Fler,5,2,4.5,2.1213203435596424
884,Kool Savas,5,5,0.0,0.0
885,OK KID,5,4,0.25,0.5
886,Vicky Leandros,5,3,1.3333333333333335,1.1547005383792517
887,Fred again..,5,1,,
888,Blond,5,5,0.0,0.0
889,The Prodigy,5,5,0.0,0.0
890,Massiv,5,3,1.3333333333333335,1.1547005383792517
891,Of Monsters and Men,5,2,4.5,2.1213203435596424
892,Florence + The Machine,5,4,0.25,0.5
893,ApoRed,5,5,0.0,0.0
894,Shaggy,5,3,0.3333333333333333,0.5773502691896257
895,Burkhard Dallwitz,5,1,,
896,Fine Young Cannibals,5,1,,
897,Psaiko.Dino,5,4,0.25,0.5
898,Fard,5,5,0.0,0.0
899,Mura Masa,5,3,0.3333333333333333,0.5773502691896257
900,a-ha,5,1,,
901,Haudegen,5,5,0.0,0.0
902,Foreign Fields,5,2,0.5,0.7071067811865476
903,Wincent Weiss,5,3,1.3333333333333335,1.1547005383792517
904,Karate Andi,5,2,0.5,0.7071067811865476
905,Said,5,2,4.5,2.1213203435596424
906,Danju,5,4,0.25,0.5
907,Karaz,5,2,4.5,2.1213203435596424
908,5 Seconds of Summer,5,4,0.25,0.5
909,The Gregorian Chants,5,4,0.25,0.5
910,All Time Low,5,4,0.25,0.5
911,Schmyt,5,2,0.5,0.7071067811865476
912,Moderat,5,4,0.25,0.5
913,Cypis,5,1,,
914,Cheat Codes,5,3,1.3333333333333335,1.1547005383792517
915,Manuel Straube,5,2,0.5,0.7071067811865476
916,Bob Seger,5,1,,
917,Czech National Symphony Orchestra,5,1,,
918,Charles Trenet,5,1,,
919,Soap&Skin,5,1,,
920,Neal Acree,5,5,0.0,0.0
921,Cash Cash,5,3,1.3333333333333335,1.1547005383792517
922,Eno,5,3,0.3333333333333333,0.5773502691896257
923,Kyla La Grange,5,4,0.25,0.5
924,America,5,2,0.5,0.7071067811865476
925,Vanessa Mai,5,2,4.5,2.1213203435596424
926,Seinabo Sey,5,2,0.5,0.7071067811865476
927,SDP,5,3,1.3333333333333335,1.1547005383792517
928,DJ S.K.T,5,2,4.5,2.1213203435596424
929,Various Artists,5,5,0.0,0.0
930,Christopher,5,3,0.3333333333333333,0.5773502691896257
931,Dirk Maassen,5,3,0.3333333333333333,0.5773502691896257
932,Sigma,5,4,0.25,0.5
933,Steve Aoki,5,3,1.3333333333333335,1.1547005383792517
934,FISHER,5,4,0.25,0.5
935,Los Del Rio,5,3,1.3333333333333335,1.1547005383792517
936,Tamino,5,3,1.3333333333333335,1.1547005383792517
937,New Kids,5,1,,
938,fun.,5,2,4.5,2.1213203435596424
939,Luciano,5,5,0.0,0.0
940,Dimitri Vegas,5,4,0.25,0.5
941,Peter Maffay,5,2,4.5,2.1213203435596424
942,Sheck Wes,5,4,0.25,0.5
943,J Balvin,5,2,4.5,2.1213203435596424
944,The Neighbourhood,5,3,1.3333333333333335,1.1547005383792517
945,Swedish House Mafia,5,1,,
946,TheFatRat,5,3,0.3333333333333333,0.5773502691896257
947,Creedence Clearwater Revival,5,3,1.3333333333333335,1.1547005383792517
948,Joel Corry,5,5,0.0,0.0
949,Echosmith,5,2,4.5,2.1213203435596424
950,Gizmo Varillas,5,2,0.5,0.7071067811865476
951,Offset,4,2,0.0,0.0
952,Village People,4,1,,
953,Roland Kaiser,4,1,,
954,Magdalena Ganter,4,1,,
955,Desireless,4,1,,
956,Richard Strauss,4,1,,
957,Alan Silvestri,4,1,,
958,Franz Liszt,4,1,,
959,Slumdogs,4,4,0.0,0.0
960,Moby,4,2,2.0,1.4142135623730951
961,AFROJACK,4,2,2.0,1.4142135623730951
962,Jean-Philippe Rameau,4,1,,
963,Jürgen Drews,4,1,,
964,Aérotique,4,1,,
965,Bruno Coulais,4,1,,
966,Andrea Berg,4,1,,
967,Dominik Hauser,4,1,,
968,Sting,4,4,0.0,0.0
969,KT Tunstall,4,1,,
970,Culture Beat,4,3,0.3333333333333333,0.5773502691896257
971,DVBBS,4,3,0.3333333333333333,0.5773502691896257
972,John Farnham,4,1,,
973,Duke Dumont,4,4,0.0,0.0
974,SAMY,4,1,,
975,Nicholas Hooper,4,1,,
976,Waterflame,4,4,0.0,0.0
977,S.Castro,4,2,2.0,1.4142135623730951
978,Niccolò Paganini,4,1,,
979,Gentleman,4,4,0.0,0.0
980,Dave Porter,4,1,,
981,Denzel Curry,4,1,,
982,Don Diablo,4,3,0.3333333333333333,0.5773502691896257
983,Michael Calfan,4,2,2.0,1.4142135623730951
984,Bipolar Sunshine,4,1,,
985,Liquido,4,1,,
986,Edward Elgar,4,1,,
987,A Boogie Wit da Hoodie,4,3,0.3333333333333333,0.5773502691896257
988,Alina Baraz,4,1,,
989,Fabrizio Paterlini,4,4,0.0,0.0
990,Duffy,4,1,,
991,Bukowski,4,1,,
992,Lighthouse Family,4,1,,
993,Klangkarussell,4,2,2.0,1.4142135623730951
994,Stereoact,4,1,,
995,One-T,4,1,,
996,Cartoon,4,2,2.0,1.4142135623730951
997,Carlene Carter,4,1,,
998,Modjo Band,4,1,,
999,Lou Bega,4,2,2.0,1.4142135623730951
1000,Baba Saad,4,3,0.3333333333333333,0.5773502691896257
1001,Chris Rea,4,3,0.3333333333333333,0.5773502691896257
1002,Robin Gibb,4,1,,
1003,Sarah Connor,4,3,0.3333333333333333,0.5773502691896257
1004,Lene Marlin,4,1,,
1005,Aloe Blacc,4,2,0.0,0.0
1006,grandson,4,2,2.0,1.4142135623730951
1007,Bananarama,4,1,,
1008,Finger & Kadel,4,2,2.0,1.4142135623730951
1009,Toploader,4,1,,
1010,Keith Richards,4,1,,
1011,The Red Army Choir,4,1,,
1012,Mike + The Mechanics,4,1,,
1013,Nik Kershaw,4,1,,
1014,Scorpions,4,1,,
1015,The Connells,4,1,,
1016,ArrDee,4,3,0.3333333333333333,0.5773502691896257
1017,Jeff Beal,4,1,,
1018,Natalie Imbruglia,4,1,,
1019,Die Sacknähte,4,1,,
1020,DRAM,4,2,2.0,1.4142135623730951
1021,Elias,4,4,0.0,0.0
1022,Erasure,4,4,0.0,0.0
1023,Niqo Nuevo,4,4,0.0,0.0
1024,Ultravox,4,3,0.3333333333333333,0.5773502691896257
1025,Fever Ray,4,1,,
1026,Nena,4,2,2.0,1.4142135623730951
1027,Apparat,4,1,,
1028,John Legend,4,3,0.3333333333333333,0.5773502691896257
1029,Pat Benatar,4,1,,
1030,2raumwohnung,4,3,0.3333333333333333,0.5773502691896257
1031,Belly,4,1,,
1032,Jeremy Soule,4,2,2.0,1.4142135623730951
1033,Madness,4,1,,
1034,Cyndi Lauper,4,2,2.0,1.4142135623730951
1035,Charming Horses,4,2,2.0,1.4142135623730951
1036,Big Shaq,4,3,0.3333333333333333,0.5773502691896257
1037,Syn Cole,4,3,0.3333333333333333,0.5773502691896257
1038,Holly Valance,4,1,,
1039,Haze,4,2,0.0,0.0
1040,Harry Styles,4,3,0.3333333333333333,0.5773502691896257
1041,Björk,4,4,0.0,0.0
1042,Tim Bendzko,4,2,2.0,1.4142135623730951
1043,Bag Raiders,4,1,,
1044,Vince Staples,4,2,0.0,0.0
1045,Krept & Konan,4,1,,
1046,OOMPH!,4,3,0.3333333333333333,0.5773502691896257
1047,Fahrenhaidt,4,4,0.0,0.0
1048,Pia Mia,4,1,,
1049,Juicy J,4,2,0.0,0.0
1050,Glenn Stafford,4,4,0.0,0.0
1051,Ace of Base,4,2,2.0,1.4142135623730951
1052,The Rasmus,4,1,,
1053,HEDEGAARD,4,2,0.0,0.0
1054,AWOLNATION,4,1,,
1055,Dresses,4,1,,
1056,NEIKED,4,1,,
1057,Yazoo,4,3,0.3333333333333333,0.5773502691896257
1058,Johannes Bornlöf,4,3,0.3333333333333333,0.5773502691896257
1059,Jeremih,4,1,,
1060,Yelawolf,4,2,0.0,0.0
1061,Tom Odell,4,3,0.3333333333333333,0.5773502691896257
1062,Beach House,4,3,0.3333333333333333,0.5773502691896257
1063,Rolf Zuckowski,4,2,0.0,0.0
1064,The 1975,4,3,0.3333333333333333,0.5773502691896257
1065,Alicia Keys,4,3,0.3333333333333333,0.5773502691896257
1066,Alpa Gun,4,1,,
1067,Nazar,4,4,0.0,0.0
1068,Milky Chance,4,3,0.3333333333333333,0.5773502691896257
1069,Mike Candys,4,3,0.3333333333333333,0.5773502691896257
1070,R.I.O.,4,4,0.0,0.0
1071,Ella Fitzgerald,4,1,,
1072,Guy Sebastian,4,3,0.3333333333333333,0.5773502691896257
1073,Kiesza,4,2,2.0,1.4142135623730951
1074,Anfa Rose,4,1,,
1075,Capital Cities,4,1,,
1076,Monsterheart,4,1,,
1077,Black Sea Dahu,4,2,0.0,0.0
1078,Lenny Kravitz,4,2,2.0,1.4142135623730951
1079,Mariybu,4,4,0.0,0.0
1080,Milow,4,2,2.0,1.4142135623730951
1081,Texas,4,1,,
1082,Caroline Shaw,4,1,,
1083,Naeleck,4,1,,
1084,Right Said Fred,4,1,,
1085,Rockwell,4,1,,
1086,Bronski Beat,4,1,,
1087,Andreas Bourani,4,3,0.3333333333333333,0.5773502691896257
1088,No Doubt,4,1,,
1089,Stomper,4,1,,
1090,Charlie Winston,4,2,2.0,1.4142135623730951
1091,MHD,4,3,0.3333333333333333,0.5773502691896257
1092,The Buggles,3,1,,
1093,Sixpence None The Richer,3,1,,
1094,Rosswell,3,1,,
1095,Trublnce,3,3,0.0,0.0
1096,Mazzy Star,3,1,,
1097,SNAP!,3,1,,
1098,Svaba Ortak,3,1,,
1099,Scissor Sisters,3,2,0.5,0.7071067811865476
1100,Bonde R300,3,1,,
1101,Kaiser Chiefs,3,1,,
1102,Feu! Chatterton,3,1,,
1103,Jeezy,3,1,,
1104,Welan Edvee,3,1,,
1105,Des'ree,3,1,,
1106,JEREMIAS,3,3,0.0,0.0
1107,Sirena,3,1,,
1108,Julia Michaels,3,1,,
1109,Ne-Yo,3,3,0.0,0.0
1110,Rick Ross,3,2,0.5,0.7071067811865476
1111,DTF,3,2,0.5,0.7071067811865476
1112,Robin Thicke,3,3,0.0,0.0
1113,YUNGBLUD,3,3,0.0,0.0
1114,Bodybangers,3,2,0.5,0.7071067811865476
1115,Tory Lanez,3,2,0.5,0.7071067811865476
1116,OMFG,3,2,0.5,0.7071067811865476
1117,Reda Rwena,3,1,,
1118,Daughter,3,3,0.0,0.0
1119,Jamie-Lee,3,1,,
1120,Barei,3,1,,
1121,Gabriela Gunčíková,3,1,,
1122,Frank Ocean,3,2,0.5,0.7071067811865476
1123,Pedaz,3,1,,
1124,Wham!,3,1,,
1125,Robyn,3,1,,
1126,absent,3,1,,
1127,Timmy Trumpet,3,3,0.0,0.0
1128,Spandau Ballet,3,2,0.5,0.7071067811865476
1129,Santigold,3,2,0.5,0.7071067811865476
1130,Patrick Hernandez,3,1,,
1131,The Shock Band,3,1,,
1132,Hasenscheisse,3,1,,
1133,Galt MacDermot,3,3,0.0,0.0
1134,Kevin Gates,3,2,0.5,0.7071067811865476
1135,GAMPER & DADONI,3,1,,
1136,The Sound Of The Rain,3,1,,
1137,Rag'n'Bone Man,3,1,,
1138,Shaman,3,2,0.5,0.7071067811865476
1139,Käptn Peng,3,2,0.5,0.7071067811865476
1140,Night Lovell,3,1,,
1141,Kiiara,3,1,,
1142,Leyk & Lockvogel,3,1,,
1143,gnash,3,1,,
1144,Mia Martina,3,2,0.5,0.7071067811865476
1145,Barrett Wilbert Weed,3,2,0.5,0.7071067811865476
1146,L.A. Leakers,3,2,0.5,0.7071067811865476
1147,CeeLo Green,3,3,0.0,0.0
1148,Farid Bang,3,3,0.0,0.0
1149,Alborosie,3,3,0.0,0.0
1150,Smash Mouth,3,1,,
1151,Genz,3,2,0.5,0.7071067811865476
1152,Panteros666,3,1,,
1153,Austin Mahone,3,2,0.5,0.7071067811865476
1154,Michaël Brun,3,2,0.5,0.7071067811865476
1155,Thomas Jack,3,2,0.5,0.7071067811865476
1156,Gorgon City,3,2,0.5,0.7071067811865476
1157,Adesse,3,2,0.5,0.7071067811865476
1158,Tez Cadey,3,1,,
1159,Timeflies,3,3,0.0,0.0
1160,Jordin Sparks,3,2,0.5,0.7071067811865476
1161,Nabiha,3,1,,
1162,Sofia Karlberg,3,2,0.5,0.7071067811865476
1163,MushiFlo,3,3,0.0,0.0
1164,Earl Sweatshirt,3,1,,
1165,MEDUZA,3,2,0.5,0.7071067811865476
1166,Dom Dolla,3,2,0.5,0.7071067811865476
1167,Jürgen von der Lippe,3,2,0.5,0.7071067811865476
1168,Felix Lobrecht,3,2,0.5,0.7071067811865476
1169,Martin Gore,3,2,0.5,0.7071067811865476
1170,Wolfsheim,3,2,0.5,0.7071067811865476
1171,Brussels Philharmonic,3,1,,
1172,Shakira,3,3,0.0,0.0
1173,Beatsteaks,3,3,0.0,0.0
1174,FLETCHER,3,2,0.5,0.7071067811865476
1175,Stephanie Middleton,3,1,,
1176,John De Sohn,3,1,,
1177,Daigo Hanada,3,3,0.0,0.0
1178,Fenton Sykes,3,2,0.5,0.7071067811865476
1179,MIKA,3,2,0.5,0.7071067811865476
1180,Conrad Sewell,3,2,0.5,0.7071067811865476
1181,Morten Heuer,3,2,0.5,0.7071067811865476
1182,W&W,3,3,0.0,0.0
1183,Christian Steiffen,3,2,0.5,0.7071067811865476
1184,London Grammar,3,2,0.5,0.7071067811865476
1185,Giorgio Moroder,3,3,0.0,0.0
1186,LION BABE,3,2,0.5,0.7071067811865476
1187,Machine Gun Kelly,3,2,0.5,0.7071067811865476
1188,Charta 77,3,1,,
1189,Jarryd James,3,1,,
1190,Gregorian,3,3,0.0,0.0
1191,Project 46,3,1,,
1192,Anonymous,3,3,0.0,0.0
1193,Leslie Clio,3,2,0.5,0.7071067811865476
1194,Pitto,3,1,,
1195,Parov Stelar,3,2,0.5,0.7071067811865476
1196,CHVRCHES,3,3,0.0,0.0
1197,Vicetone,3,2,0.5,0.7071067811865476
1198,Josef Salvat,3,3,0.0,0.0
1199,Jebroer,3,2,0.5,0.7071067811865476
1200,BLVCK CROWZ,3,1,,
1201,Nate57,3,1,,
1202,ATB,3,2,0.5,0.7071067811865476
1203,Sander van Doorn,3,2,0.5,0.7071067811865476
1204,Banaroo,3,2,0.5,0.7071067811865476
1205,Robert DeLong,3,2,0.5,0.7071067811865476
1206,Tristam,3,2,0.5,0.7071067811865476
1207,Zella Day,3,2,0.5,0.7071067811865476
1208,Ella Eyre,3,1,,
1209,Andrea Laszlo De Simone,3,1,,
1210,Das Heeresmusikkorps 9 der 1. Luftlandedivision,3,1,,
1211,Eric Prydz,3,2,0.5,0.7071067811865476
1212,Ton Steine Scherben,3,3,0.0,0.0
1213,N.W.A.,3,2,0.5,0.7071067811865476
1214,ODESZA,3,3,0.0,0.0
1215,Rich The Kid,3,3,0.0,0.0
1216,Ardian Bujupi,3,2,0.5,0.7071067811865476
1217,Money Boy,3,2,0.5,0.7071067811865476
1218,king cam,3,1,,
1219,Marque,3,1,,
1220,*NSYNC,3,1,,
1221,A Flock Of Seagulls,3,1,,
1222,Busted,3,1,,
1223,Culture Club,3,1,,
1224,Sol Seppy,3,1,,
1225,Kreator,3,1,,
1226,Rosenstolz,3,2,0.5,0.7071067811865476
1227,The Rembrandts,3,1,,
1228,Ingo ohne Flamingo,3,2,0.5,0.7071067811865476
1229,SAINt JHN,3,1,,
1230,Vanilla Ice,3,2,0.5,0.7071067811865476
1231,Quavo,3,3,0.0,0.0
1232,La Bouche,3,1,,
1233,Chefket,3,3,0.0,0.0
1234,Hanson,3,1,,
1235,Tanzverbot,3,1,,
1236,DorFuchs,3,2,0.5,0.7071067811865476
1237,2Pac,3,2,0.5,0.7071067811865476
1238,Volker Kutscher,3,1,,
1239,Modern Talking,3,2,0.5,0.7071067811865476
1240,Andy B,3,1,,
1241,Lil Uzi Vert,3,2,0.5,0.7071067811865476
1242,Morgan Nagoya,3,1,,
1243,Anne-Marie,3,2,0.5,0.7071067811865476
1244,Soulja Boy,3,2,0.5,0.7071067811865476
1245,The Tokens,3,1,,
1246,Bob Dylan,3,1,,
1247,Lebo M.,3,2,0.5,0.7071067811865476
1248,Levroy,3,1,,
1249,Coyote Kisses,3,1,,
1250,A R I Z O N A,3,2,0.5,0.7071067811865476
1251,Charles Bolt,3,2,0.5,0.7071067811865476
1252,Mickie Krause,3,3,0.0,0.0
1253,KsFreakWhatElse,3,2,0.5,0.7071067811865476
1254,Duran Duran,3,2,0.5,0.7071067811865476
1255,Ann Lee,3,1,,
1256,ELI,3,1,,
1257,R3HAB,3,2,0.5,0.7071067811865476
1258,Luis Fonsi,3,2,0.5,0.7071067811865476
1259,Loredana,3,2,0.5,0.7071067811865476
1260,Starship,3,2,0.5,0.7071067811865476
1261,Frida Gold,3,2,0.5,0.7071067811865476
1262,Loud Luxury,3,1,,
1263,Laszlo,3,3,0.0,0.0
1264,Christina Perri,3,1,,
1265,The Ink Spots,3,1,,
1266,KMN Gang,3,1,,
1267,Hardstyleliner,3,1,,
1268,Remoe,3,1,,
1269,Childish Gambino,3,2,0.5,0.7071067811865476
1270,Santiano,3,2,0.5,0.7071067811865476
1271,Kent Jones,3,1,,
1272,Boyz II Men,3,1,,
1273,Estikay,3,3,0.0,0.0
1274,Haddaway,3,1,,
1275,Action Bronson,3,1,,
1276,O-Zone,3,2,0.5,0.7071067811865476
1277,The Script,3,3,0.0,0.0
1278,AZAD,3,2,0.5,0.7071067811865476
1279,METRICKZ,3,2,0.5,0.7071067811865476
1280,A$AP Ferg,3,1,,
1281,Mike Oldfield,3,1,,
1282,Spin Doctors,3,1,,
1283,Janet Jackson,3,1,,
1284,Dr. Alban,3,1,,
1285,BUNDESWEHR EXCLUSIVE,3,3,0.0,0.0
1286,Sonique,3,1,,
1287,TLC,3,1,,
1288,Daniel Powter,3,1,,
1289,Crystal Waters,3,1,,
1290,OMC,3,1,,
1291,Annie Lennox,3,1,,
1292,Deep Blue Something,3,1,,
1293,Vangelis,3,1,,
1294,Ferdinand fka Left Boy,3,3,0.0,0.0
1295,KISS,3,1,,
1296,EDX,2,2,0.0,0.0
1297,Juice WRLD,2,1,,
1298,MAGIC!,2,1,,
1299,Aaron Smith,2,1,,
1300,RAC,2,2,0.0,0.0
1301,Julian le Play,2,1,,
1302,Fred Ivory,2,2,0.0,0.0
1303,Philip Wesley,2,2,0.0,0.0
1304,Dennis Lloyd,2,1,,
1305,Rixton,2,2,0.0,0.0
1306,Martin Ermen,2,2,0.0,0.0
1307,Sleeping At Last,2,2,0.0,0.0
1308,Mpire,2,2,0.0,0.0
1309,ZaZa Terazi,2,2,0.0,0.0
1310,Deebri Music,2,1,,
1311,Ben Pearce,2,1,,
1312,Melodysheep,2,1,,
1313,S1,2,1,,
1314,Marcus Layton,2,2,0.0,0.0
1315,Be Like Mike,2,1,,
1316,Conchita Wurst,2,2,0.0,0.0
1317,Hollywood Hank,2,1,,
1318,Amy Lauren,2,2,0.0,0.0
1319,Elena Matytsina,2,1,,
1320,Alok,2,1,,
1321,Skinny & Bundy,2,2,0.0,0.0
1322,Boyce Avenue,2,2,0.0,0.0
1323,CALVO,2,1,,
1324,Angus & Julia Stone,2,2,0.0,0.0
1325,Franco Robert,2,2,0.0,0.0
1326,Rae Morris,2,1,,
1327,Hundreds,2,2,0.0,0.0
1328,Starley,2,1,,
1329,Chris Lanzon,2,2,0.0,0.0
1330,Joji,2,2,0.0,0.0
1331,Sage The Gemini,2,1,,
1332,SAARA,2,2,0.0,0.0
1333,Infinit,2,2,0.0,0.0
1334,Andrew Bennett,2,1,,
1335,Amber Run,2,2,0.0,0.0
1336,Francesca Michielin,2,2,0.0,0.0
1337,Julien Bam,2,2,0.0,0.0
1338,flora cash,2,2,0.0,0.0
1339,The Unlikely Candidates,2,1,,
1340,Tut Tut Child,2,1,,
1341,DJ Marçal Junior,2,1,,
1342,Mustafa Sandal,2,2,0.0,0.0
1343,Hausmarke,2,2,0.0,0.0
1344,Jamie Lawson,2,2,0.0,0.0
1345,Laruzo,2,2,0.0,0.0
1346,Toby Fox,2,1,,
1347,CAZZETTE,2,1,,
1348,Sirooo,2,1,,
1349,ADIAM,2,2,0.0,0.0
1350,Emily Rubye,2,2,0.0,0.0
1351,Max Richter,2,2,0.0,0.0
1352,Stereo Board,2,1,,
1353,City and Colour,2,2,0.0,0.0
1354,Raquela,2,1,,
1355,Kaskade,2,2,0.0,0.0
1356,Nightcore,2,2,0.0,0.0
1357,Symba,2,2,0.0,0.0
1358,Skepta,2,2,0.0,0.0
1359,Juse Ju,2,1,,
1360,Grace Mitchell,2,1,,
1361,XS Project,2,1,,
1362,Dillon Francis,2,1,,
1363,Boney M.,2,2,0.0,0.0
1364,Gedina,2,1,,
1365,Joe and Jake,2,1,,
1366,Andy Grammer,2,1,,
1367,Razihel,2,1,,
1368,Bring Me The Horizon,2,2,0.0,0.0
1369,Addi Blanco,2,1,,
1370,Honey Dijon,2,1,,
1371,Route 8,2,2,0.0,0.0
1372,Jamule,2,2,0.0,0.0
1373,Mistaloon,2,1,,
1374,Gostan,2,1,,
1375,Tough Love,2,1,,
1376,Fabolous,2,2,0.0,0.0
1377,Jazz Cartier,2,1,,
1378,FRENSHIP,2,1,,
1379,Joel Adams,2,1,,
1380,KAIND,2,1,,
1381,The Oh Hellos,2,1,,
1382,The Byrds,2,1,,
1383,Apashe,2,2,0.0,0.0
1384,Amir,2,2,0.0,0.0
1385,Panda Bear,2,1,,
1386,100 gecs,2,1,,
1387,Soprano,2,2,0.0,0.0
1388,Chris Lake,2,2,0.0,0.0
1389,Raury,2,2,0.0,0.0
1390,Martin Landh,2,2,0.0,0.0
1391,Martin Gauffin,2,2,0.0,0.0
1392,Kidd Azzurra,2,1,,
1393,Oh Wonder,2,2,0.0,0.0
1394,The BossHoss,2,2,0.0,0.0
1395,Jacob Whitesides,2,2,0.0,0.0
1396,HONNE,2,2,0.0,0.0
1397,Jamala,2,1,,
1398,Petite Meller,2,2,0.0,0.0
1399,Who Is Fancy,2,2,0.0,0.0
1400,Ninho,2,1,,
1401,L.B. One,2,1,,
1402,Yellow Claw,2,2,0.0,0.0
1403,Rejjie Snow,2,2,0.0,0.0
1404,The Chain Gang Of 1974,2,1,,
1405,Glenn Morrison,2,1,,
1406,Audrey Rose,2,2,0.0,0.0
1407,The Underdog Project,2,1,,
1408,Dotan,2,2,0.0,0.0
1409,Mausio,2,1,,
1410,JONAH,2,2,0.0,0.0
1411,Strumparnir,2,1,,
1412,Nicole Sinman,2,1,,
1413,Sofi Tukker,2,1,,
1414,Dralms,2,1,,
1415,Aaron Lansing,2,2,0.0,0.0
1416,Dash Berlin,2,1,,
1417,ascendant vierge,2,2,0.0,0.0
1418,Brian Crain,2,2,0.0,0.0
1419,Cris Cab,2,2,0.0,0.0
1420,KRL,2,1,,
1421,Dodobeatz,2,1,,
1422,Simply Red,2,2,0.0,0.0
1423,21 Savage,2,1,,
1424,Gregorian Chants,2,2,0.0,0.0
1425,Lounge Musik el Mar,2,2,0.0,0.0
1426,Fatal & Rico,2,1,,
1427,Claire Rosinkranz,2,1,,
1428,DJ Assad,2,1,,
1429,Apex Rise,2,1,,
1430,B-Case,2,1,,
1431,Deepend,2,1,,
1432,Jean-Cyrille,2,2,0.0,0.0
1433,Egor Kreed,2,1,,
1434,Bazanji,2,1,,
1435,Dogena,2,1,,
1436,Edgar Wasser,2,2,0.0,0.0
1437,A&G,2,2,0.0,0.0
1438,MW Vibes,2,2,0.0,0.0
1439,Bryson Tiller,2,1,,
1440,Molchat Doma,2,1,,
1441,"Ralf ""Ralle"" Petersen",2,1,,
1442,Aim Vision,2,1,,
1443,Femme Schmidt,2,2,0.0,0.0
1444,Fruchtmax,2,1,,
1445,L'aupaire,2,2,0.0,0.0
1446,Niska,2,1,,
1447,Hilltop Hoods,2,2,0.0,0.0
1448,Joe Budden,2,1,,
1449,FROIDZ,2,2,0.0,0.0
1450,Yung Dash,2,1,,
1451,Kasger,2,1,,
1452,Patrick Swayze,2,1,,
1453,Jugende,2,2,0.0,0.0
1454,Frans,2,1,,
1455,David Bulla,2,1,,
1456,Die Kassierer,2,1,,
1457,The Astoria Singers,2,1,,
1458,Icy Lust,2,1,,
1459,Tujamo,2,2,0.0,0.0
1460,Florian Paul & Die Kapelle der letzten Hoffnung,2,2,0.0,0.0
1461,Dschinghis Khan,2,1,,
1462,Torul,2,1,,
1463,D'Angelo,2,2,0.0,0.0
1464,Bingo Players,2,1,,
1465,Cover Pop,2,2,0.0,0.0
1466,John Lennon,2,1,,
1467,Missy Elliott,2,2,0.0,0.0
1468,Megaloh,2,2,0.0,0.0
1469,iann dior,2,2,0.0,0.0
1470,Joy Crookes,2,2,0.0,0.0
1471,Confetti,2,1,,
1472,Evanescence,2,2,0.0,0.0
1473,Helloween,2,2,0.0,0.0
1474,Bukahara,2,2,0.0,0.0
1475,Lucius,2,1,,
1476,Bakermat,2,2,0.0,0.0
1477,Mehnersmoos,2,2,0.0,0.0
1478,Hermes House Band,2,2,0.0,0.0
1479,AKNE KID JOE,2,1,,
1480,Patent Pending,2,1,,
1481,Singer's Edge Karaoke,2,2,0.0,0.0
1482,Fat Joe,2,1,,
1483,LISTENBEE,2,1,,
1484,Fitspo,2,1,,
1485,Doctor Vox,2,1,,
1486,Kaptan,2,1,,
1487,Grimes,2,1,,
1488,Kakkmaddafakka,2,1,,
1489,PETER LAKE,2,1,,
1490,George Harrison,2,2,0.0,0.0
1491,Sun Diego,2,1,,
1492,Villagers,2,2,0.0,0.0
1493,James Gang,2,2,0.0,0.0
1494,Waving The Guns,2,2,0.0,0.0
1495,Fleetwood Mac,2,1,,
1496,WSTRN,2,2,0.0,0.0
1497,Aaron Tveit,2,1,,
1498,Astrid S,2,2,0.0,0.0
1499,K2,2,2,0.0,0.0
1500,Emeli Sandé,2,1,,
1501,Mic Nice,2,1,,
1502,OTPendia,2,1,,
1503,Lucas & Steve,2,1,,
1504,Faith No More,2,1,,
1505,Johnny Rakete,2,2,0.0,0.0
1506,Wellhello,2,1,,
1507,Simon Desue,2,1,,
1508,Jolyon Petch,2,1,,
1509,Michael Patrick Kelly,2,2,0.0,0.0
1510,Kölsch,2,2,0.0,0.0
1511,Wyclef Jean,2,1,,
1512,Will Sparks,2,1,,
1513,Deaf Kev,2,1,,
1514,Bassjackers,2,1,,
1515,Sabina Ddumba,2,2,0.0,0.0
1516,The Goo Goo Dolls,2,1,,
1517,BANKS,2,2,0.0,0.0
1518,Arthur Beatrice,2,2,0.0,0.0
1519,Dan Deacon,2,1,,
1520,Christina Stürmer,2,1,,
1521,Neelix,2,2,0.0,0.0
1522,Pink,2,2,0.0,0.0
1523,Philipp Poisel,2,2,0.0,0.0
1524,Headhunterz,2,2,0.0,0.0
1525,The Score,2,1,,
1526,MICAR,2,1,,
1527,Era Istrefi,2,1,,
1528,Mark Medlock,2,2,0.0,0.0
1529,Josh.,2,2,0.0,0.0
1530,Skull Kid,2,1,,
1531,Timur Vermes,2,1,,
1532,ARTY,2,2,0.0,0.0
1533,Deutscher Schlager,2,2,0.0,0.0
1534,Emma Bale,2,2,0.0,0.0
1535,Audioscribe,2,1,,
1536,Neil Thomas,2,1,,
1537,Miwata,2,1,,
1538,Charlotte Devaney,2,2,0.0,0.0
1539,Fleur East,2,1,,
1540,Ty Dolla $ign,2,1,,
1541,Sternschnuppe,2,1,,
1542,1337 Squad,2,1,,
1543,Lissie,2,2,0.0,0.0
1544,Jennifer Rostock,2,2,0.0,0.0
1545,Emirez,2,2,0.0,0.0
1546,Jackson,2,1,,
1547,Jupiter Jones,2,1,,
1548,Juno Mak,2,2,0.0,0.0
1549,Kesha,2,1,,
1550,$OHO BANI,2,1,,
1551,4D Nature Recordings,2,1,,
1552,LMFAO,2,1,,
1553,Will Simms,2,1,,
1554,Dizztino,2,1,,
1555,JACINTO,2,1,,
1556,Eden Project,2,2,0.0,0.0
1557,Sebastian Böhm,2,1,,
1558,KLAN,2,1,,
1559,Swiss,2,1,,
1560,Azzi Memo,2,2,0.0,0.0
1561,I Musici Di San Marco,2,2,0.0,0.0
1562,White Knight Instrumental,2,1,,
1563,Mr. Scruff,2,1,,
1564,Moonlight Scorpio,2,2,0.0,0.0
1565,Citizen Queen,2,2,0.0,0.0
1566,Sudden,2,1,,
1567,Nathan Dawe,2,1,,
1568,MUNA,2,1,,
1569,Kevin McKay,2,1,,
1570,Vienna Boys' Choir,2,1,,
1571,Ayo & Teo,2,1,,
1572,Sven Regener,2,1,,
1573,Rain Recordings,2,1,,
1574,Chaka Khan,2,1,,
1575,The Notorious B.I.G.,2,1,,
1576,Nico Santos,2,2,0.0,0.0
1577,Regard,2,1,,
1578,Ado Kojo,2,2,0.0,0.0
1579,Mosh36,2,2,0.0,0.0
1580,The Outdoor Library,2,1,,
1581,makko,2,2,0.0,0.0
1582,Microdynamic Recordings,2,1,,
1583,Phlex,2,1,,
1584,Miksu / Macloud,2,2,0.0,0.0
1585,City,2,2,0.0,0.0
1586,Basto,2,2,0.0,0.0
1587,MadeinTYO,2,1,,
1588,Thunderstorm Sound Bank,2,1,,
1589,Steve Lawrence,2,1,,
1590,Sam Morrison and Turn The Page,2,1,,
1591,Brain Timbre,2,1,,
1592,Prince Ital Joe,2,1,,
1593,Orchestral Manoeuvres In The Dark,2,1,,
1594,"Original (German) Cast of ""Tanz Der Vampire""",2,2,0.0,0.0
1595,Super Sako,2,1,,
1596,Nekromongers,2,1,,
1597,Jay Rifkin,2,1,,
1598,Nativ,2,1,,
1599,Detlev Lais,2,1,,
1600,Mary J. Blige,2,1,,
1601,Wolfgang Amadeus Mozart,2,1,,
1602,Fancy,2,1,,
1603,Bandobrad,2,1,,
1604,Fukkk Offf,2,1,,
1605,Joseph J. Jones,2,1,,
1606,Jim Yosef,2,2,0.0,0.0
1607,Yunggoth✰,2,1,,
1608,Blokkmonsta,2,1,,
1609,Roddy Ricch,2,1,,
1610,KC & The Sunshine Band,2,1,,
1611,Bloc Party,2,2,0.0,0.0
1612,Frank Zappa,2,2,0.0,0.0
1613,ABC,2,1,,
1614,Kodak Black,2,1,,
1615,Idina Menzel,2,1,,
1616,Peter Gabriel,2,1,,
1617,Herzog,2,2,0.0,0.0
1618,Wayne Newton,2,1,,
1619,Charlotte Gainsbourg,2,1,,
1620,Diplo,2,2,0.0,0.0
1621,Dardan,2,2,0.0,0.0
1622,LF SYSTEM,2,2,0.0,0.0
1623,Montu Mast,2,1,,
1624,Buddy Guy,2,1,,
1625,Joyner Lucas,2,1,,
1626,junodream,2,1,,
1627,Rilès,2,2,0.0,0.0
1628,Talk Talk,2,1,,
1629,German Band Music,2,1,,
1630,Jeff Beck,2,2,0.0,0.0
1631,Adamo,2,1,,
1632,Warhaus,2,1,,
1633,Ocie Elliott,2,1,,
1634,OLWIK,2,2,0.0,0.0
1635,Gabriella Cilmi,2,1,,
1636,Chefboss,2,2,0.0,0.0
1637,Pierce Fulton,2,1,,
1638,Trevor Daniel,2,1,,
1639,Gnarls Barkley,2,1,,
1640,London Philharmonic Orchestra,2,1,,
1641,Ugly Kid Joe,2,1,,
1642,VIC MENSA,2,1,,
1643,Laura Branigan,2,1,,
1644,Huey Lewis & The News,2,1,,
1645,Shakin' Stevens,2,1,,
1646,Eko Fresh,2,2,0.0,0.0
1647,The Monkees,2,1,,
1648,The Underachievers,2,1,,
1649,Lesley Gore,2,1,,
1650,Shacke One,2,1,,
1651,Patti Smith,2,1,,
1652,Uncle Kracker,2,1,,
1653,M People,2,1,,
1654,Nevada,2,1,,
1655,Katrina & The Waves,2,1,,
1656,Tracy Chapman,2,1,,
1657,Rozzi,2,1,,
1658,Chesney Hawkes,2,2,0.0,0.0
1659,Elijah Blake,2,1,,
1660,The Saturdays,2,1,,
1661,Jocelyn B. Smith,2,1,,
1662,The Cranberries,2,1,,
1663,Kianush,2,1,,
1664,Richard Wagner,2,2,0.0,0.0
1665,Edward Simoni,2,1,,
1666,PA Sports,2,2,0.0,0.0
1667,MiC LOWRY,2,1,,
1668,Dermot Kennedy,2,2,0.0,0.0
1669,Dr. Surabi,2,1,,
1670,Max Raabe,2,1,,
1671,Die Sterne,2,1,,
1672,Camille,2,1,,
1673,Guns N' Roses,2,1,,
1674,Meat Loaf,2,1,,
1675,The Pointer Sisters,2,1,,
1676,Dawin,2,1,,
1677,France Gall,2,1,,
1678,Jakub Ondra,2,1,,
1679,Saba,2,2,0.0,0.0
1680,Titiyo,2,1,,
1681,Bad Bunny,2,2,0.0,0.0
1682,Vanessa Carlton,2,1,,
1683,Electro-Light,2,2,0.0,0.0
1684,The Hooters,2,1,,
1685,Diana Ross,2,1,,
1686,LeAnn Rimes,2,1,,
1687,Salt-N-Pepa,2,1,,
1688,Meredith Brooks,2,1,,
1689,Tony Christie,2,1,,
1690,Kendji Girac,2,1,,
1691,Arizona Zervas,2,1,,
1692,SpongeBOZZ,2,2,0.0,0.0
1693,A$AP Mob,2,1,,
1694,The Calling,2,1,,
1695,The Vibrant Sound,2,1,,
1696,Seal,2,1,,
1697,Charles Hamilton,2,1,,
1698,Whigfield,2,1,,
1699,Nisse,2,2,0.0,0.0
1700,Kid Rock,2,1,,
1701,Elvis Presley,2,2,0.0,0.0
1702,Beast Coast,1,1,,
1703,Das singende Krokodil vom Nil,1,1,,
1704,Pulcino Pio,1,1,,
1705,Lil Lano,1,1,,
1706,Alex the Astronaut,1,1,,
1707,Lil Shrimp,1,1,,
1708,The C90s,1,1,,
1709,DJ Robin,1,1,,
1710,Alessandro Poglietti,1,1,,
1711,Samra,1,1,,
1712,Che Sudaka,1,1,,
1713,Générations sans frontières,1,1,,
1714,MOLA,1,1,,
1715,Ruth B.,1,1,,
1716,Lo Air,1,1,,
1717,Freesy,1,1,,
1718,Pashanim,1,1,,
1719,Roughrider Of Love,1,1,,
1720,zebrahead,1,1,,
1721,Kit Connor,1,1,,
1722,Kinderkarneval,1,1,,
1723,Descendents,1,1,,
1724,Wishful Thinking,1,1,,
1725,Chinook,1,1,,
1726,Tocotronic,1,1,,
1727,blackbear,1,1,,
1728,Schnappi,1,1,,
1729,KAROL G,1,1,,
1730,KAFFKIEZ,1,1,,
1731,Juli,1,1,,
1732,Apollo 3,1,1,,
1733,Sammy Johnson,1,1,,
1734,2nd South Carolina String Band,1,1,,
1735,The Frightnrs,1,1,,
1736,Charles Aznavour,1,1,,
1737,Hendrik Bruch,1,1,,
1738,Taggy Matcher,1,1,,
1739,Hugo Strasser,1,1,,
1740,Cast - Frozen,1,1,,
1741,Wp Sounds,1,1,,
1742,Rain Hard,1,1,,
1743,Aftermath,1,1,,
1744,Decidic FX,1,1,,
1745,Vini Vici,1,1,,
1746,Texas Lightning,1,1,,
1747,Ran-D,1,1,,
1748,Sefa,1,1,,
1749,Natural Sound Selections,1,1,,
1750,Busta Rhymes,1,1,,
1751,The Gaslight Anthem,1,1,,
1752,JPD,1,1,,
1753,Ikaz Boi,1,1,,
1754,YG Pablo,1,1,,
1755,Pohlmann.,1,1,,
1756,Bellini,1,1,,
1757,New Life Generation,1,1,,
1758,Ützwurst & Osterwelle,1,1,,
1759,Lil Dicky,1,1,,
1760,Sunidhi Chauhan,1,1,,
1761,Dizzy Wright,1,1,,
1762,Alton,1,1,,
1763,James Taylor,1,1,,
1764,Finny,1,1,,
1765,Slowy,1,1,,
1766,AIRIETJA,1,1,,
1767,Cowboy Dale,1,1,,
1768,Janosch,1,1,,
1769,Oh Susannah,1,1,,
1770,Derik Fein,1,1,,
1771,Youss,1,1,,
1772,Die 3 Besoffskis,1,1,,
1773,Daye Jack,1,1,,
1774,NAV,1,1,,
1775,Mikassa,1,1,,
1776,Diverseddie,1,1,,
1777,BABYJOY,1,1,,
1778,Mar Malade,1,1,,
1779,Luude,1,1,,
1780,Ummet Ozcan,1,1,,
1781,AB Syndrom,1,1,,
1782,Marathonmann,1,1,,
1783,ProSound Karaoke Band,1,1,,
1784,Don't Hang Me,1,1,,
1785,Pop Voice Nation,1,1,,
1786,Zirkel,1,1,,
1787,La-Le-Lu,1,1,,
1788,The Hip Hop Nation,1,1,,
1789,Karaoke All Hits,1,1,,
1790,Music Junkie,1,1,,
1791,Paul McCartney,1,1,,
1792,Rob Bailey & The Hustle Standard,1,1,,
1793,Kwam.E,1,1,,
1794,Sophie Elise,1,1,,
1795,Argonautiks,1,1,,
1796,Per Störby Jutbring,1,1,,
1797,Felix De Luxe,1,1,,
1798,Cora,1,1,,
1799,American Authors,1,1,,
1800,Das Lumpenpack,1,1,,
1801,Gerry & The Pacemakers,1,1,,
1802,Stefan Raab,1,1,,
1803,Peter Schilling,1,1,,
1804,The Greatest Bits,1,1,,
1805,Hildegard Knef,1,1,,
1806,Anna Kendrick,1,1,,
1807,Pablo Bravas,1,1,,
1808,Murcy,1,1,,
1809,Vieze Asbak,1,1,,
1810,Danny Chaska,1,1,,
1811,Jorgiestyle,1,1,,
1812,Notion,1,1,,
1813,Ameritz - Karaoke,1,1,,
1814,Visage,1,1,,
1815,Route 94,1,1,,
1816,Chuck Berry,1,1,,
1817,Poli Genova,1,1,,
1818,DJ Katch,1,1,,
1819,Frederick Young,1,1,,
1820,Mike Mago,1,1,,
1821,Giovi,1,1,,
1822,Rytmeklubben,1,1,,
1823,Balneario Team,1,1,,
1824,Sing King,1,1,,
1825,Nina Kraljic,1,1,,
1826,Justs Sirmais,1,1,,
1827,Iveta Mukuchyan,1,1,,
1828,Agnete Saba,1,1,,
1829,The Crystals,1,1,,
1830,John Denver,1,1,,
1831,Momma Said Pick Me,1,1,,
1832,Sharon Jones & The Dap-Kings,1,1,,
1833,Andy Williams,1,1,,
1834,Greta Salóme,1,1,,
1835,Sergey Lazarev,1,1,,
1836,Margaret,1,1,,
1837,Douwe Bob,1,1,,
1838,Ira Losco,1,1,,
1839,Brenda Lee,1,1,,
1840,Lighthouse X,1,1,,
1841,Sandhja,1,1,,
1842,Hovi Star,1,1,,
1843,Donny Montell,1,1,,
1844,Sophie Francis,1,1,,
1845,Nicky Byrne,1,1,,
1846,Mud,1,1,,
1847,Cassiano,1,1,,
1848,Michael Andrews,1,1,,
1849,Kite,1,1,,
1850,LILLE,1,1,,
1851,Breathe Carolina,1,1,,
1852,Neonschwarz,1,1,,
1853,Sinan-G,1,1,,
1854,Farjus,1,1,,
1855,The Architect,1,1,,
1856,Crystal F,1,1,,
1857,Soundgarden,1,1,,
1858,Darren Styles,1,1,,
1859,WizTheMc,1,1,,
1860,YUGO,1,1,,
1861,The Piano Guys,1,1,,
1862,Kill the Alarm,1,1,,
1863,Millencolin,1,1,,
1864,Maria Clara Groppler,1,1,,
1865,Paula Hartmann,1,1,,
1866,Wiener Philharmoniker,1,1,,
1867,Steve Miller Band,1,1,,
1868,Bill Medley,1,1,,
1869,Geier Sturzflug,1,1,,
1870,Hubert Kah,1,1,,
1871,Ben Frost,1,1,,
1872,Colony House,1,1,,
1873,Purity Ring,1,1,,
1874,CONNY,1,1,,
1875,Montreal,1,1,,
1876,Ali Gatie,1,1,,
1877,Vengaboys,1,1,,
1878,Maisie Peters,1,1,,
1879,Meredith Monk,1,1,,
1880,Bosca,1,1,,
1881,French Coq,1,1,,
1882,The Beloved,1,1,,
1883,Brynn Cartelli,1,1,,
1884,Sandpeople,1,1,,
1885,Philip Cecil,1,1,,
1886,Sub Urban,1,1,,
1887,Weather and Nature Recordings,1,1,,
1888,Dimatik,1,1,,
1889,Radiohead,1,1,,
1890,VGR,1,1,,
1891,insaneintherainmusic,1,1,,
1892,Dellé,1,1,,
1893,DJEZJA,1,1,,
1894,Jon Connor,1,1,,
1895,Angel City,1,1,,
1896,Sepultura,1,1,,
1897,Manowar,1,1,,
1898,Mick Harvey,1,1,,
1899,Clan of Xymox,1,1,,
1900,Hannah Montana,1,1,,
1901,Blondie,1,1,,
1902,Klaas,1,1,,
1903,Troy,1,1,,
1904,Mick Jenkins,1,1,,
1905,Rosa Anschütz,1,1,,
1906,Stacie Orrico,1,1,,
1907,Albert Douglas Meakin,1,1,,
1908,Kreayshawn,1,1,,
1909,shadowraze,1,1,,
1910,Uplink,1,1,,
1911,The HU,1,1,,
1912,Patty Gurdy,1,1,,
1913,Mr. Mister,1,1,,
1914,Alice Francis,1,1,,
1915,Victoria Monét,1,1,,
1916,Geoff Castellucci,1,1,,
1917,Grizzly Bear,1,1,,
1918,Stanaj,1,1,,
1919,Max Coveri,1,1,,
1920,Came,1,1,,
1921,Main Reaktor,1,1,,
1922,R. Andrew Lee,1,1,,
1923,Jaques Raupé,1,1,,
1924,Zigarren Opa,1,1,,
1925,Bruno Bavota,1,1,,
1926,Heuss L'enfoiré,1,1,,
1927,Elba,1,1,,
1928,Lefa,1,1,,
1929,Zola,1,1,,
1930,JeanJass,1,1,,
1931,Maschine,1,1,,
1932,Rundfunk-Jugendchor Wernigerode,1,1,,
1933,Party in Backyard,1,1,,
1934,Svudvde,1,1,,
1935,Oleska,1,1,,
1936,Mélanie Laurent,1,1,,
1937,Charlie Key,1,1,,
1938,Jon Lajoie,1,1,,
1939,Bad Meets Evil,1,1,,
1940,Zest,1,1,,
1941,Morley,1,1,,
1942,DJ Reckless,1,1,,
1943,Mattiv,1,1,,
1944,Peter Broderick,1,1,,
1945,M.L,1,1,,
1946,Edvard Grieg,1,1,,
1947,Bohren & Der Club Of Gore,1,1,,
1948,XIII B,1,1,,
1949,Nils Frahm,1,1,,
1950,Erik Satie,1,1,,
1951,John Field,1,1,,
1952,Oasis For Piano,1,1,,
1953,Kae Tempest,1,1,,
1954,Propa,1,1,,
1955,WIN-C,1,1,,
1956,Gänsehaut,1,1,,
1957,iFourmance,1,1,,
1958,Ernst Busch,1,1,,
1959,Aquaplasm,1,1,,
1960,Placebo,1,1,,
1961,Kevin Rudolf,1,1,,
1962,Akvavit,1,1,,
1963,Aquamoon,1,1,,
1964,Sleep Miracle,1,1,,
1965,The Sleep & Focus Group,1,1,,
1966,Creatress,1,1,,
1967,Eric Carmen,1,1,,
1968,Van Halen,1,1,,
1969,Thompson Twins,1,1,,
1970,Kurd Maverick,1,1,,
1971,Amerie,1,1,,
1972,LBE Nature Recordings,1,1,,
1973,Plectrasonics,1,1,,
1974,Relaxed State,1,1,,
1975,Die Amigas,1,1,,
1976,Fareoh,1,1,,
1977,"Bobby ""Blue"" Bland",1,1,,
1978,Isaac Hayes,1,1,,
1979,Belik Boom,1,1,,
1980,HANZONE,1,1,,
1981,The Cure,1,1,,
1982,Howard Jones,1,1,,
1983,Roxy Music,1,1,,
1984,Sokuu,1,1,,
1985,Gary Numan,1,1,,
1986,Jok'air,1,1,,
1987,Yùhé 愈合,1,1,,
1988,Rain Parks,1,1,,
1989,Baltic Nature Sounds,1,1,,
1990,Fort Minor,1,1,,
1991,T.I.,1,1,,
1992,Subtact,1,1,,
1993,Stace Cadet,1,1,,
1994,futurebae,1,1,,
1995,LIM3,1,1,,
1996,DJ Long Nhat,1,1,,
1997,Random Forest,1,1,,
1998,Leo Stannard,1,1,,
1999,Nephew,1,1,,
2000,Peter Wackel,1,1,,
2001,Marcus Wiebusch,1,1,,
2002,Kelsea Ballerini,1,1,,
2003,Black Sabbath,1,1,,
2004,Video Games Live,1,1,,
2005,KK the Khaosist,1,1,,
2006,PaulWetz,1,1,,
2007,Davay,1,1,,
2008,NMZS,1,1,,
2009,Die Original Deutschmacher,1,1,,
2010,Ikke Hüftgold,1,1,,
2011,National Anthem Band,1,1,,
2012,The Kid LAROI,1,1,,
2013,XYLØ,1,1,,
2014,Axwell,1,1,,
2015,Majestic,1,1,,
2016,Lindsey Stirling,1,1,,
2017,Willi Wedel,1,1,,
2018,Dennis Henning,1,1,,
2019,Bruno Valencia,1,1,,
2020,Witold Lutosławski,1,1,,
2021,Die Fürstin,1,1,,
2022,Cindy Brand,1,1,,
2023,Tilman Birr,1,1,,
2024,Jax Jones,1,1,,
2025,TWINNS,1,1,,
2026,Micha Macho,1,1,,
2027,The Meters,1,1,,
2028,Marty O'Donnell,1,1,,
2029,Creed,1,1,,
2030,Henry Krinkle,1,1,,
2031,JPattersson,1,1,,
2032,Bob Moses,1,1,,
2033,Self-Created,1,1,,
2034,Gebrüder Blattschuss,1,1,,
2035,Yung Kafa & Kücük Efendi,1,1,,
2036,2 Chainz,1,1,,
2037,Tritonal,1,1,,
2038,Maluma,1,1,,
2039,Zeal & Ardor,1,1,,
2040,NOTION,1,1,,
2041,The Jungle Giants,1,1,,
2042,Phaxe,1,1,,
2043,Jayanam,1,1,,
2044,Whales,1,1,,
2045,Compay Segundo,1,1,,
2046,Buena Vista Social Club,1,1,,
2047,Systeem,1,1,,
2048,Hansi Hinterseer,1,1,,
2049,Joywave,1,1,,
2050,Luke Friend,1,1,,
2051,Divide The Day,1,1,,
2052,Vivid,1,1,,
2053,DREAMERS,1,1,,
2054,Streetlight Manifesto,1,1,,
2055,Sugarcult,1,1,,
2056,Andrew Spencer,1,1,,
2057,Madden,1,1,,
2058,Der Kleine Prinz,1,1,,
2059,Isaiah Rashad,1,1,,
2060,Nelly,1,1,,
2061,Bacilos,1,1,,
2062,Sophie Solomon,1,1,,
2063,Woodkid,1,1,,
2064,Chamillionaire,1,1,,
2065,Trobi,1,1,,
2066,Nana Mouskouri,1,1,,
2067,88-Keys,1,1,,
2068,Latroit,1,1,,
2069,Keane,1,1,,
2070,Status Quo,1,1,,
2071,Paul Simon,1,1,,
2072,Womack & Womack,1,1,,
2073,Michelle Williams,1,1,,
2074,Nick Peloso,1,1,,
2075,Dasco,1,1,,
2076,Robin Foster,1,1,,
2077,Jay & The Americans,1,1,,
2078,FDVM,1,1,,
2079,Recoil,1,1,,
2080,Joachim Pastor,1,1,,
2081,Oliver Moldan,1,1,,
2082,Zero 7,1,1,,
2083,Trick Trick,1,1,,
2084,Alain Pironi,1,1,,
2085,Mahmut Orhan,1,1,,
2086,MERO,1,1,,
2087,Sondr,1,1,,
2088,OVERWERK,1,1,,
2089,Magic Wand,1,1,,
2090,Coucheron,1,1,,
2091,Alexis Ffrench,1,1,,
2092,Joep Beving,1,1,,
2093,B-Tight,1,1,,
2094,Kris Kross Amsterdam,1,1,,
2095,Jennifer Rush,1,1,,
2096,Y'akoto,1,1,,
2097,COSIMA,1,1,,
2098,Igor Longhi,1,1,,
2099,Laid Back,1,1,,
2100,Synapson,1,1,,
2101,Blue Swede,1,1,,
2102,Johnny Ace,1,1,,
2103,Glen Campbell,1,1,,
2104,RHODES,1,1,,
2105,Tom Misch,1,1,,
2106,Clément Bcx,1,1,,
2107,Dalex,1,1,,
2108,Raspberries,1,1,,
2109,GAYLE,1,1,,
2110,KAFVKA,1,1,,
2111,Champs United,1,1,,
2112,Wild Culture,1,1,,
2113,Lil Mosey,1,1,,
2114,Jewelz & Sparks,1,1,,
2115,Szmt,1,1,,
2116,Arcángel,1,1,,
2117,Danylo,1,1,,
2118,4SQUAD,1,1,,
2119,Gnarly Gibbs,1,1,,
2120,Achtabahn,1,1,,
2121,The Five Stairsteps,1,1,,
2122,Aliotta Haynes Jeremiah,1,1,,
2123,Todd Terje,1,1,,
2124,10cc,1,1,,
2125,Deskjobs,1,1,,
2126,Jörg & Dragan (Die Autohändler),1,1,,
2127,The Spinners,1,1,,
2128,The Runaways,1,1,,
2129,Looking Glass,1,1,,
2130,Sweet,1,1,,
2131,Petit Biscuit,1,1,,
2132,Cabela and Schmitt,1,1,,
2133,Khalid,1,1,,
2134,Allocai,1,1,,
2135,Thin Lizzy,1,1,,
2136,Hearts & Colors,1,1,,
2137,Ghost Loft,1,1,,
2138,Lützenkirchen,1,1,,
2139,LIONT,1,1,,
2140,Denise Young,1,1,,
2141,Vice,1,1,,
2142,The Coasters,1,1,,
2143,Lena&Linus,1,1,,
2144,Vena Cava,1,1,,
2145,Samy Deluxe,1,1,,
2146,James Hersey,1,1,,
2147,Kongsted,1,1,,
2148,A.R. Rahman,1,1,,
2149,Luke Carpenter,1,1,,
2150,100лиця,1,1,,
2151,Star Party,1,1,,
2152,Andrew Belle,1,1,,
2153,Ron Pope,1,1,,
2154,C H R I S,1,1,,
2155,ALMA,1,1,,
2156,The Hashtags,1,1,,
2157,Ferruccio Busoni,1,1,,
2158,Killabyte,1,1,,
2159,Krale,1,1,,
2160,Orchestra Of The Golden Light,1,1,,
2161,PianoDreams,1,1,,
2162,Chumbawamba,1,1,,
2163,Disfigure,1,1,,
2164,Can't Stop Won't Stop,1,1,,
2165,Dune,1,1,,
2166,T & Sugah,1,1,,
2167,JPB,1,1,,
2168,Distrion,1,1,,
2169,Donny Benét,1,1,,
2170,Maexit,1,1,,
2171,Desmeon,1,1,,
2172,GPC,1,1,,
2173,Vanze,1,1,,
2174,Kobito,1,1,,
2175,Down Like Silver,1,1,,
2176,The Head And The Heart,1,1,,
2177,Finneas O'Connell,1,1,,
2178,Sarah Modene,1,1,,
2179,Leonard Hawk,1,1,,
2180,PIKOTARO,1,1,,
2181,Ahzuras,1,1,,
2182,Yiruma,1,1,,
2183,Trevor Stanley,1,1,,
2184,Franz Bengtsson,1,1,,
2185,Ari Naman,1,1,,
2186,Jacob Terris,1,1,,
2187,Scott Weiland,1,1,,
2188,Kiste,1,1,,
2189,TOBi,1,1,,
2190,J Swey,1,1,,
2191,DENZ1,1,1,,
2192,Speo,1,1,,
2193,Van Morrison,1,1,,
2194,Phoebe Bridgers,1,1,,
2195,Roderick Porter,1,1,,
2196,Gucci Mane,1,1,,
2197,Codeko,1,1,,
2198,De-Phazz,1,1,,
2199,Aldous Harding,1,1,,
2200,Skye-Anna,1,1,,
2201,Winterpark,1,1,,
2202,The Void,1,1,,
2203,Luke Christopher,1,1,,
2204,Noah Cyrus,1,1,,
2205,Current Joys,1,1,,
2206,Spektrem,1,1,,
2207,Elliot Berger,1,1,,
2208,SYML,1,1,,
2209,WWE,1,1,,
2210,Knoxa,1,1,,
2211,Urban Contact,1,1,,
2212,Jacob Da Grill,1,1,,
2213,Papa Roach,1,1,,
2214,Razorlight,1,1,,
2215,Limp Bizkit,1,1,,
2216,Empire of the Sun,1,1,,
2217,Nickelback,1,1,,
2218,N.E.R.D,1,1,,
2219,The Temper Trap,1,1,,
2220,Good Charlotte,1,1,,
2221,Buddy,1,1,,
2222,Wonderwall,1,1,,
2223,No Angels,1,1,,
2224,Peter Bjorn and John,1,1,,
2225,Edward Sharpe & The Magnetic Zeros,1,1,,
2226,Team Scheisse,1,1,,
2227,M. Byrd,1,1,,
2228,Carolina Gaitán - La Gaita,1,1,,
2229,WhoMadeWho,1,1,,
2230,Endzone,1,1,,
2231,Dirk Brossé,1,1,,
2232,The Cardigans,1,1,,
2233,Juice Newton,1,1,,
2234,The Communards,1,1,,
2235,Sum 41,1,1,,
2236,Katie Melua,1,1,,
2237,Boy Meets Girl,1,1,,
2238,Jimmy Eat World,1,1,,
2239,Anne Clark,1,1,,
2240,TEYA,1,1,,
2241,Besomorph,1,1,,
2242,Opeth,1,1,,
2243,Janos Sebestyen,1,1,,
2244,Bomfunk MC's,1,1,,
2245,Paolo Nutini,1,1,,
2246,José González,1,1,,
2247,Sophie Ellis-Bextor,1,1,,
2248,Franz Ferdinand,1,1,,
2249,Klaxons,1,1,,
2250,Safri Duo,1,1,,
2251,Crazy Town,1,1,,
2252,Yeah Yeah Yeahs,1,1,,
2253,Muse,1,1,,
2254,Queens of the Stone Age,1,1,,
2255,The Kooks,1,1,,
2256,Phantom Planet,1,1,,
2257,Gossip,1,1,,
2258,Amy Macdonald,1,1,,
2259,Jamelia,1,1,,
2260,Wes,1,1,,
2261,Kenny Loggins,1,1,,
2262,Gotye,1,1,,
2263,Hameed Ansari,1,1,,
2264,R.D.B.,1,1,,
2265,Sumasha Kumar,1,1,,
2266,EMMA6,1,1,,
2267,Die Toten Hosen,1,1,,
2268,Olivia Newton-John,1,1,,
2269,Rainbirds,1,1,,
2270,Tariq,1,1,,
2271,Element Of Crime,1,1,,
2272,Eric Gales,1,1,,
2273,Jim Steinman,1,1,,
2274,Pagolo Firavanti,1,1,,
2275,Croatia Squad,1,1,,
2276,Remady,1,1,,
2277,ACE TEE,1,1,,
2278,Palast Orchester,1,1,,
2279,AREA21,1,1,,
2280,Cecelia Ahern,1,1,,
2281,Die Flippers,1,1,,
2282,MKTO,1,1,,
2283,Capelli,1,1,,
2284,JuliensBlog,1,1,,
2285,Nate Dogg,1,1,,
2286,Kidman,1,1,,
2287,Lionel Richie,1,1,,
2288,Graeme Simsion,1,1,,
2289,Blur,1,1,,
2290,Ricky Martin,1,1,,
2291,George Frideric Handel,1,1,,
2292,Hund am Strand,1,1,,
2293,Alli Neumann,1,1,,
2294,Acht Eimer Hühnerherzen,1,1,,
2295,Schnipo Schranke,1,1,,
2296,Dota Kehr,1,1,,
2297,Hotel Rimini,1,1,,
2298,Mia Morgan,1,1,,
2299,Middle Of The Road,1,1,,
2300,Polaris,1,1,,
2301,Rocky Sharpe & The Replays,1,1,,
2302,Tina Turner,1,1,,
2303,Power-Haus,1,1,,
2304,Christian Reindl,1,1,,
2305,Cliff Martinez,1,1,,
2306,YFN Lucci,1,1,,
2307,Peachkka,1,1,,
2308,Tyla Jane,1,1,,
2309,Rob $tone,1,1,,
2310,Burak Yeter,1,1,,
2311,Dominic Fike,1,1,,
2312,Wu-Tang Clan,1,1,,
2313,Gunplay,1,1,,
2314,DragonForce,1,1,,
2315,ELIF,1,1,,
2316,Judas Priest,1,1,,
2317,Ludacris,1,1,,
2318,Tamia,1,1,,
2319,Ron Williams,1,1,,
2320,Joe,1,1,,
2321,Joachim Kemmer,1,1,,
2322,A-Type Player,1,1,,
2323,Tina Frank,1,1,,
2324,Kenny Rogers,1,1,,
2325,André Zuniga,1,1,,
2326,Safe and Sound,1,1,,
2327,Robin Bengtsson,1,1,,
2328,Florian Arndt,1,1,,
2329,PH3,1,1,,
2330,Mute!,1,1,,
2331,Gissberg,1,1,,
2332,GoldFish,1,1,,
2333,Ordinary (by day),1,1,,
2334,Chima,1,1,,
2335,Hilary Duff,1,1,,
2336,Hit-Boy,1,1,,
2337,Wabie,1,1,,
2338,Dizzee Rascal,1,1,,
2339,Chelsea Lankes,1,1,,
2340,The Pierces,1,1,,
2341,James Blunt,1,1,,
2342,1 Purple Summer,1,1,,
2343,Maliibu N Helene,1,1,,
2344,Jamhuri Jazz Band,1,1,,
2345,Noize Generation,1,1,,
2346,Naked Ape,1,1,,
2347,Paul Kalkbrenner,1,1,,
2348,Jon Bellion,1,1,,
2349,Veronica Jax,1,1,,
2350,J.J. Cale,1,1,,
2351,The Specials,1,1,,
2352,Jake Owen,1,1,,
2353,Dj Veyron,1,1,,
2354,Audio Push,1,1,,
2355,Booba,1,1,,
2356,K CAMP,1,1,,
2357,Baby Brown,1,1,,
2358,The-Dream,1,1,,
2359,O.T. Genasis,1,1,,
2360,Piero Piccioni,1,1,,
2361,Etta James,1,1,,
2362,Tom Walker,1,1,,
2363,The Guy Who Didn't Like Musicals Cast,1,1,,
2364,feeble little horse,1,1,,
2365,Salami Rose Joe Louis,1,1,,
2366,CHIC,1,1,,
2367,Tegan and Sara,1,1,,
2368,Anitta,1,1,,
2369,James TW,1,1,,
2370,Sister Sledge,1,1,,
2371,Timi Hendrix,1,1,,
2372,Dazzle,1,1,,
2373,CJ Flemings,1,1,,
2374,Sylvester,1,1,,
2375,Janelle Monáe,1,1,,
2376,The Blessed Madonna,1,1,,
2377,Passenger,1,1,,
2378,Mabel,1,1,,
2379,morten,1,1,,
2380,Portugal. The Man,1,1,,
2381,Silla,1,1,,
2382,HAIM,1,1,,
2383,Two Door Cinema Club,1,1,,
2384,Vance Joy,1,1,,
2385,Anthony Crivello,1,1,,
2386,Panos Mouzourakis,1,1,,
2387,Jerry Vale,1,1,,
2388,Andrew Rannells,1,1,,
2389,João Gilberto,1,1,,
2390,Francis Lai,1,1,,
2391,Jarvis Cocker,1,1,,
2392,Chorus - The Lion King 2: Simba's Pride,1,1,,
2393,Billy Eichner,1,1,,
2394,Chiwetel Ejiofor,1,1,,
2395,Emma Stone,1,1,,
2396,Anthony Rosenthal,1,1,,
2397,T'Shan Williams,1,1,,
2398,Brian D'Arcy James,1,1,,
2399,Brooke Maxwell,1,1,,
2400,'Falsettos' 2016 Broadway Company,1,1,,
2401,Scott Redmond,1,1,,
2402,Kholby Wardell,1,1,,
2403,Meryl Streep,1,1,,
2404,Original Broadway Cast of Hamilton,1,1,,
2405,Daveed Diggs,1,1,,
2406,Will Roland,1,1,,
2407,Amanda Seyfried,1,1,,
2408,Tim Curry,1,1,,
2409,Alex Brightman,1,1,,
2410,Al Gear,1,1,,
2411,Cypress Hill,1,1,,
2412,Gianni Blu,1,1,,
2413,Dope,1,1,,
2414,Pink Panda,1,1,,
2415,Pep Love,1,1,,
2416,The Peddlers,1,1,,
2417,Crime Mob,1,1,,
2418,Frühstück bei Stefanie,1,1,,
2419,Deaf Havana,1,1,,
2420,John Gibbons,1,1,,
2421,MÖWE,1,1,,
2422,Mathy,1,1,,
2423,Robby East,1,1,,
2424,KCB,1,1,,
2425,le Shuuk,1,1,,
2426,Giorgio Gee,1,1,,
2427,MR.BLACK,1,1,,
2428,Frey,1,1,,
2429,A$AP TyY,1,1,,
2430,Beico & MT93,1,1,,
2431,Industrialyzer,1,1,,
2432,TCTS,1,1,,
2433,Secondcity,1,1,,
2434,Radio Slave,1,1,,
2435,KAAZE,1,1,,
2436,Ofenbach,1,1,,
2437,Rhythm Masters,1,1,,
2438,Milli Vanilli,1,1,,
2439,Giuseppe Galvetti,1,1,,
2440,Benny Treskow,1,1,,
2441,Novo Talos,1,1,,
2442,Michel Brown,1,1,,
2443,Leigh Watershed,1,1,,
2444,Calm Shores,1,1,,
2445,LUCHS,1,1,,
2446,Mayday,1,1,,
2447,charlie dreaming,1,1,,
2448,August Wilhelmsson,1,1,,
2449,Vincent & A Secret,1,1,,
2450,Gogenheim,1,1,,
2451,Ruud Vanderwege,1,1,,
2452,Evolution of Stars,1,1,,
2453,Intrinsic Focus,1,1,,
2454,From Now On,1,1,,
2455,Brooks,1,1,,
2456,Hot Shade,1,1,,
2457,Pietro Lombardi,1,1,,
2458,AJÉ,1,1,,
2459,Alannah Myles,1,1,,
2460,Robbie Rivera,1,1,,
2461,Lazy Lizzard Gang,1,1,,
2462,Francesco Minotro,1,1,,
2463,Nause,1,1,,
2464,Roger Whittaker,1,1,,
2465,Linda Ronstadt,1,1,,
2466,Polarkreis 18,1,1,,
2467,FAYAN,1,1,,
2468,Scott McKenzie,1,1,,
2469,Angels & Airwaves,1,1,,
2470,Billy Boyd,1,1,,
2471,Chris Montez,1,1,,
2472,Lil Yachty,1,1,,
2473,Captain Traumschiff,1,1,,
2474,Montez,1,1,,
2475,Curly,1,1,,
2476,AKIRA,1,1,,
2477,Sugar MMFK,1,1,,
2478,Backstreet Boys,1,1,,
2479,Gozpel,1,1,,
2480,Mergim Mjeku,1,1,,
2481,Dianobeats,1,1,,
2482,ItaloBrothers,1,1,,
2483,The Verve,1,1,,
2484,Eric Bellinger,1,1,,
2485,Yung Lean,1,1,,
2486,J Hus,1,1,,
2487,Kush Kush,1,1,,
2488,Wretch 32,1,1,,
2489,Damso,1,1,,
2490,Daycem,1,1,,
2491,MORTEN,1,1,,
2492,3Plusss,1,1,,
2493,Ogün & Ömsen,1,1,,
2494,Simone Sommerland,1,1,,
2495,Tsuko G.,1,1,,
2496,Ahzumjot,1,1,,
2497,Ramz,1,1,,
2498,BlocBoy JB,1,1,,
2499,Vybz Kartel,1,1,,
2500,Delivery Boys,1,1,,
2501,Dark Rehab,1,1,,
2502,Sportfreunde Stiller,1,1,,
2503,Erdmöbel,1,1,,
2504,Léonin,1,1,,
2505,Dan Brown,1,1,,
2506,Sasha Alex Sloan,1,1,,
2507,Die Autohändler,1,1,,
2508,Benjamin Britten,1,1,,
2509,Bonobo,1,1,,
2510,Peter Sandberg,1,1,,
2511,They Dream By Day,1,1,,
2512,Ali Bumaye,1,1,,
2513,Fatboy Slim,1,1,,
2514,Jack Jones,1,1,,
2515,David Holmes,1,1,,
2516,Nightmares On Wax,1,1,,
2517,The Clash,1,1,,
2518,The Rodger Fox Big Band,1,1,,
2519,O.A.R.,1,1,,
2520,Lee Fields & The Expressions,1,1,,
2521,Menahan Street Band,1,1,,
2522,Shirley Bassey,1,1,,
2523,benny blanco,1,1,,
2524,Massive Attack,1,1,,
2525,DJ TIRED,1,1,,
2526,DJ Koze,1,1,,
2527,Sound Quelle,1,1,,
2528,Chris Malinchak,1,1,,
2529,Dompe,1,1,,
2530,Dennis Cruz,1,1,,
2531,Roy Orbison,1,1,,
2532,Eddie Cochran,1,1,,
2533,Wilson Pickett,1,1,,
2534,The Everly Brothers,1,1,,
2535,Slipknot,1,1,,
2536,Louis Prima & Keely Smith,1,1,,
2537,The Rubettes,1,1,,
2538,Thievery Corporation,1,1,,
2539,Seyed,1,1,,
2540,EstA,1,1,,
2541,Omiki,1,1,,
2542,Carly Simon,1,1,,
2543,Iyaz,1,1,,
2544,Duke Ellington,1,1,,
2545,Leonard Bernstein,1,1,,
2546,Yasha,1,1,,
2547,Bridgit Mendler,1,1,,
2548,Max Richard Leßmann,1,1,,
2549,Mike Singer,1,1,,
2550,T-Pain,1,1,,
2551,Guru Josh Project,1,1,,
2552,Bozza,1,1,,
2553,P.M.B.,1,1,,
2554,Lance Butters,1,1,,
2555,Casino Music,1,1,,
2556,Joe South,1,1,,
2557,Guru Josh,1,1,,
2558,Nat King Cole,1,1,,
2559,Sheryl Crow,1,1,,
2560,Jackie Wilson,1,1,,
2561,Manuela,1,1,,
2562,Stellan Johnson,1,1,,
2563,Zazou,1,1,,
2564,Till Von Sein,1,1,,
2565,Ferdinand Weber,1,1,,
2566,Ogris Debris,1,1,,
2567,WEISS,1,1,,
2568,Ernst Neger,1,1,,
2569,Lonny Kellner,1,1,,
2570,Hermann,1,1,,
2571,Franz Gordon,1,1,,
2572,Cellophane Roses,1,1,,
2573,Adam Fincher,1,1,,
2574,Heinz Goldblatt,1,1,,
2575,Alan Ellis,1,1,,
2576,Tomasz Kraal,1,1,,
2577,Fellows,1,1,,
2578,Rannar Sillard,1,1,,
2579,Algoth Holmes,1,1,,
2580,Clark Younger,1,1,,
2581,Gabriel Parker,1,1,,
2582,Otto Wahl,1,1,,
2583,Saeko Seki,1,1,,
2584,Grobert,1,1,,
2585,Timewarp Inc,1,1,,
2586,Solomun,1,1,,
2587,Ray Charles,1,1,,
2588,Dayne S,1,1,,
2589,Nancy Sinatra,1,1,,
2590,Petula Clark,1,1,,
2591,The Animals,1,1,,
2592,Cream,1,1,,
2593,Joe Cocker,1,1,,
2594,Herman's Hermits,1,1,,
2595,Desmond Dekker,1,1,,
2596,Jackie DeShannon,1,1,,
2597,Fontella Bass,1,1,,
2598,The Searchers,1,1,,
2599,Otis Redding,1,1,,
2600,The Doors,1,1,,
2601,Dusty Springfield,1,1,,
2602,The Turtles,1,1,,
2603,Them,1,1,,
2604,Jerry Lee Lewis,1,1,,
2605,Jimmy Young,1,1,,
2606,Gabriel & Dresden,1,1,,
2607,Eli & Fur,1,1,,
2608,Rashid Ajami,1,1,,
2609,MOGUAI,1,1,,
2610,Nathaniel Rateliff & The Night Sweats,1,1,,
2611,BØRNS,1,1,,
2612,The Bohicas,1,1,,
2613,Y.V.E. 48,1,1,,
2614,Sebastian Schol,1,1,,
2615,Drangsal,1,1,,
2616,Yo-Yo Ma,1,1,,
2617,Ane Brun,1,1,,
2618,Gregor Salto,1,1,,
2619,Ravanantha,1,1,,
2620,Lolita Jolie,1,1,,
2621,Damon Paul,1,1,,
2622,Don't Worry,1,1,,
2623,Bob Sinclar,1,1,,
2624,TheBattle,1,1,,
2625,Joshua Walter,1,1,,
2626,Both,1,1,,
2627,XOMA,1,1,,
2628,diMaro,1,1,,
2629,Paradise,1,1,,
2630,Gary's Tyler,1,1,,
2631,Slowly Drifting,1,1,,
2632,The Firestones,1,1,,
2633,Nils Van Zandt,1,1,,
2634,MARC,1,1,,
2635,Floral,1,1,,
2636,Supermans Feinde,1,1,,
2637,Felice,1,1,,
2638,Sofía Reyes,1,1,,
2639,Reebs,1,1,,
2640,Alex Schulz,1,1,,
2641,Get Well Soon,1,1,,
2642,SYNTHKARTELL,1,1,,
2643,Campsite Dream,1,1,,
2644,Pablo Nouvelle,1,1,,
2645,Set Mo,1,1,,
2646,Matt Corby,1,1,,
2647,Gwen,1,1,,
2648,Greyson Chance,1,1,,
2649,Monakr,1,1,,
2650,Brandon Beal,1,1,,
2651,Katy B,1,1,,
2652,Elliphant,1,1,,
2653,Gallant,1,1,,
2654,Abstract,1,1,,
2655,Made In June,1,1,,
2656,Matt Kelly,1,1,,
2657,Brian Berg,1,1,,
2658,Steve Serano,1,1,,
2659,The.madpix.project,1,1,,
2660,Imposs,1,1,,
2661,Dan10,1,1,,
2662,Willy William,1,1,,
2663,Seafret,1,1,,
2664,Madeline Juno,1,1,,
2665,Oliver,1,1,,
2666,Pretty Pink,1,1,,
2667,Battle for Athens,1,1,,
2668,Gazzo,1,1,,
2669,Rob & Chris,1,1,,
2670,Curse,1,1,,
2671,Amine,1,1,,
2672,Hillsong Young & Free,1,1,,
2673,Loona,1,1,,
2674,KAYEF,1,1,,
2675,Tacabro,1,1,,
2676,Ian Carey Project,1,1,,
2677,Kim Cesarion,1,1,,
2678,Alex Diehl,1,1,,
2679,LEA,1,1,,
2680,Mark Tarmonea,1,1,,
2681,Me And My Drummer,1,1,,
2682,Erik Hassle,1,1,,
2683,Joshua Radin,1,1,,
2684,Leon Bridges,1,1,,
2685,Jennifer Lawrence,1,1,,
2686,MOVEMENT,1,1,,
2687,Shut Up,1,1,,
2688,Fools Garden,1,1,,
2689,Sam Walkertone,1,1,,
2690,Sarah P.,1,1,,
2691,Stephen,1,1,,
2692,Causes,1,1,,
2693,Tobtok,1,1,,
2694,Sebastien,1,1,,
2695,Rea Garvey,1,1,,
2696,24|7 sound,1,1,,
2697,Mashd N Kutcher,1,1,,
2698,Felix Cartal,1,1,,
2699,Black M,1,1,,
2700,Plaitum,1,1,,
2701,Greg Laswell,1,1,,
2702,Jack Johnson,1,1,,
2703,Tiemo Hauer,1,1,,
2704,ERRdeKa,1,1,,
2705,Jacob Bellens,1,1,,
2706,Club Kuru,1,1,,
2707,Monica,1,1,,
2708,Jochen Distelmeyer,1,1,,
2709,Al Bairre,1,1,,
2710,Majid Jordan,1,1,,
2711,Kano,1,1,,
2712,Carrie Underwood,1,1,,
2713,Band Of Skulls,1,1,,
2714,Michael Canitrot,1,1,,
2715,Sans Souci,1,1,,
2716,When We Were Young,1,1,,
2717,Nora En Pure,1,1,,
2718,Fadi & Klinko,1,1,,
2719,Sonny Alven,1,1,,
2720,Masen Lee,1,1,,
2721,Vremya i Steklo,1,1,,
2722,Always Never,1,1,,
2723,Remo & Tabb,1,1,,
2724,SNBRN,1,1,,
2725,Michael Fall,1,1,,
2726,Supergirl,1,1,,
2727,Wild Belle,1,1,,
2728,90er Tanzparty,1,1,,
2729,İlyas Yalçıntaş,1,1,,
2730,yirmi7,1,1,,
2731,Ayla Çelik,1,1,,
2732,League of Legends,1,1,,
2733,Kllo,1,1,,
2734,Perttu,1,1,,
2735,Benjamin Juntti,1,1,,
2736,Annett Louisan,1,1,,
2737,Tre Coast,1,1,,
2738,Coleman Hell,1,1,,
2739,Project X,1,1,,
2740,Anna Graceman,1,1,,
2741,Joey Miceli,1,1,,
2742,Holland Park,1,1,,
2743,Ester Dean,1,1,,
2744,SoulCircuit,1,1,,
2745,BOXINBOX,1,1,,
2746,Jabz,1,1,,
2747,Petar Della Pietra,1,1,,
2748,Ian Thomas,1,1,,
2749,Julian Perretta,1,1,,
2750,Walking On Cars,1,1,,
2751,Sons Of Maria,1,1,,
2752,Scotty,1,1,,
2753,Danny McCarthy,1,1,,
2754,Kike San Pedro,1,1,,
2755,Scarf!,1,1,,
2756,Talvin Singh,1,1,,
2757,Patrick Watson,1,1,,
2758,Real Instrumentals,1,1,,
2759,Roosevelt,1,1,,
2760,Andy Knote,1,1,,
2761,Casey Veggies,1,1,,
2762,Akon,1,1,,
2763,Mr. Da-Nos,1,1,,
2764,Local Natives,1,1,,
2765,Defqwop,1,1,,
2766,LuvBug,1,1,,
2767,Sean Bradford,1,1,,
2768,deadmau5,1,1,,
2769,Dr. Peacock and Hyrule War,1,1,,
2770,Dr. Peacock and Dada Cat,1,1,,
2771,Dance Anthem,1,1,,
2772,Mauro Picotto,1,1,,
2773,The 90ers,1,1,,
2774,Erfahrung der 90er Tanzmusik,1,1,,
2775,Zorotl,1,1,,
2776,Chachi,1,1,,
2777,DJ Analyzer,1,1,,
2778,Robaer,1,1,,
2779,Sara Hartman,1,1,,
2780,Eagles Of Death Metal,1,1,,
2781,Deluxe Party Jam,1,1,,
2782,iSHi,1,1,,
2783,Annabel Jones,1,1,,
2784,Yo Gotti,1,1,,
2785,Neptunica,1,1,,
2786,Autoerotique,1,1,,
2787,Reedcardo,1,1,,
2788,Housekeeping,1,1,,
2789,Gang Starr,1,1,,
2790,Niklas Ibach,1,1,,
2791,Netsky,1,1,,
2792,Florence Welch,1,1,,
2793,F-777,1,1,,
2794,Ollie Gabriel,1,1,,
2795,Jacky Greco,1,1,,
2796,WILL K,1,1,,
2797,Bang La Decks,1,1,,
2798,PatrickReza,1,1,,
2799,GOLDHOUSE,1,1,,
2800,Nocaden,1,1,,
2801,Yves Larock,1,1,,
2802,Corey Andrew,1,1,,
2803,Steam Phunk,1,1,,
2804,Nicky Romero,1,1,,
2805,MK,1,1,,
2806,Jennifer Body,1,1,,
2807,10Digits,1,1,,
2808,Ria Mae,1,1,,
2809,JayAge,1,1,,
2810,King Charles,1,1,,
2811,99 Souls,1,1,,
2812,Maria Mena,1,1,,
2813,The Wanted,1,1,,
2814,Caravan Palace,1,1,,
2815,Nachtmensch,1,1,,
2816,Guy Garvey,1,1,,
2817,Umse,1,1,,
2818,Scars On 45,1,1,,
2819,I AM JERRY,1,1,,
2820,James Morrison,1,1,,
2821,Alice Merton,1,1,,
2822,Phil Lam,1,1,,
2823,Dear Jane,1,1,,
2824,Kwan Gor,1,1,,
2825,Fréro Delavega,1,1,,
2826,Paloma Faith,1,1,,
2827,Jez Dior,1,1,,
2828,Hello Saferide,1,1,,
2829,DJ Nicky Steel,1,1,,
2830,The Superstarz Kids,1,1,,
2831,Swanky Tunes,1,1,,
2832,Marco Mengoni,1,1,,
2833,Kilo,1,1,,
2834,Alexa Feser,1,1,,
2835,Kadie Elder,1,1,,
2836,SomeKindaWonderful,1,1,,
2837,Ryn Weaver,1,1,,
2838,Valovuosi,1,1,,
2839,Editors,1,1,,
2840,Sweed,1,1,,
2841,Liss,1,1,,
2842,Kilian & Jo,1,1,,
2843,Amfree,1,1,,
2844,A Silent Film,1,1,,
2845,Michael Aasen,1,1,,
2846,Panzer Flower,1,1,,
2847,Ain't Nobody,1,1,,
2848,Wax Motif,1,1,,
2849,Eric Saade,1,1,,
2850,Natalia Nykiel,1,1,,
2851,Elise Howard,1,1,,
2852,Buika,1,1,,
2853,Laura Pausini,1,1,,
2854,Ryan Adams,1,1,,
2855,Nas,1,1,,
2856,Nessi,1,1,,
2857,Mc Sapao,1,1,,
2858,Don Lore V,1,1,,
2859,Redfoo,1,1,,
2860,The Arcs,1,1,,
2861,Lydmor,1,1,,
2862,Anna Känzig,1,1,,
2863,Martin Jondo,1,1,,
2864,Deerhunter,1,1,,
2865,Low,1,1,,
2866,Bibi Blocksberg,1,1,,
2867,Gary Clark Jr.,1,1,,
2868,Bibi H.,1,1,,
2869,Emily Vaughn,1,1,,
2870,Maren Morris,1,1,,
2871,Neon Indian,1,1,,
2872,Radkey,1,1,,
2873,Disturbed,1,1,,
2874,JoJo,1,1,,
2875,Broiler,1,1,,
2876,Mutemath,1,1,,
2877,Beirut,1,1,,
2878,Boy & Bear,1,1,,
2879,Noah Gundersen,1,1,,
2880,John-Allison Weiss,1,1,,
2881,Låpsley,1,1,,
2882,Marc Scibilia,1,1,,
2883,The Royal Concept,1,1,,
2884,Family of the Year,1,1,,
2885,Immune System,1,1,,
2886,Throttle,1,1,,
2887,Yotto,1,1,,
2888,Chilly Gonzales,1,1,,
2889,VAUU,1,1,,
2890,Fenster,1,1,,
2891,Fallulah,1,1,,
2892,Stevans,1,1,,
2893,Mikky Ekko,1,1,,
2894,Leo Kalyan,1,1,,
2895,Santa Maradona F.C.,1,1,,
2896,Kasmir,1,1,,
2897,Shaun Bate,1,1,,
2898,Baby K,1,1,,
2899,Tagtraeumer,1,1,,
2900,Tarmo,1,1,,
2901,Miss Platnum,1,1,,
2902,Tony Brown,1,1,,
2903,Shaka Loveless,1,1,,
2904,Dj Aks,1,1,,
2905,Cashmere Cat,1,1,,
2906,YG,1,1,,
2907,CMP,1,1,,
2908,Matteo Capreoli,1,1,,
2909,Miura Keys,1,1,,
2910,Ojnyc,1,1,,
2911,Sidelmann,1,1,,
2912,DZIARMA,1,1,,
2913,Sandy Wood,1,1,,
2914,Sweet Babe May,1,1,,
2915,Lovers On The Sun,1,1,,
2916,Jan Leyk,1,1,,
2917,Benjamin,1,1,,
2918,Stay Child,1,1,,
2919,Lariss,1,1,,
2920,Example,1,1,,
2921,KlangTherapeuten,1,1,,
2922,St. Lucia,1,1,,
2923,Tristan Brusch,1,1,,
2924,Guns,1,1,,
2925,Junior Boys,1,1,,
2926,Skilled Mechanics,1,1,,
2927,Fred Cole,1,1,,
2928,Level 42,1,1,,
2929,The Aston Shuffle,1,1,,
2930,Five Knives,1,1,,
2931,Fences,1,1,,
2932,Lorenzo Fragola,1,1,,
2933,The Young Professionals,1,1,,
2934,DJ Caribe Dance Mix,1,1,,
2935,Edward Maya,1,1,,
2936,Marmar,1,1,,
2937,Dodo,1,1,,
2938,LIZOT,1,1,,
2939,Basia Bulat,1,1,,
2940,Ben Hobbs,1,1,,
2941,Tori Kelly,1,1,,
2942,Dieselle,1,1,,
2943,Easton Corbin,1,1,,
2944,Dasoul,1,1,,
2945,Marian Hill,1,1,,
2946,A-Trak,1,1,,
2947,Ahrix,1,1,,
2948,3LAU,1,1,,
2949,Kenny B,1,1,,
2950,Nick Gardner,1,1,,
2951,Workout Remix Factory,1,1,,
2952,John Mamann,1,1,,
2953,Blossoms,1,1,,
2954,Bibi Bourelly,1,1,,
2955,Tüsn,1,1,,
2956,Shake Shake Go,1,1,,
2957,Martin Kohlstedt,1,1,,
2958,Kovacs,1,1,,
2959,MAYBEBOP,1,1,,
2960,DJ Fresh,1,1,,
2961,Julia Westlin,1,1,,
2962,Like Swimming,1,1,,
2963,Il Pagante,1,1,,
2964,VITAMIN,1,1,,
2965,Bondax,1,1,,
2966,The Decemberists,1,1,,
2967,RDGLDGRN,1,1,,
2968,Shy Shy Shy,1,1,,
2969,St Germain,1,1,,
2970,Mono,1,1,,
2971,Enno Bunger,1,1,,
2972,Genka,1,1,,
2973,Elena,1,1,,
2974,TiMO ODV,1,1,,
2975,Majk Spirit,1,1,,
2976,Tiziano Ferro,1,1,,
2977,MisterWives,1,1,,
2978,J-AX,1,1,,
2979,Marracash,1,1,,
2980,Leona Lewis,1,1,,
2981,Malika Ayane,1,1,,
2982,Disciples,1,1,,
2983,Hermitude,1,1,,
2984,Lenka,1,1,,
2985,Kurt Cobain,1,1,,
2986,Travie McCoy,1,1,,
2987,SAYGRACE,1,1,,
2988,Chawki,1,1,,
2989,Ben Haenow,1,1,,
2990,Cass McCombs,1,1,,
2991,Simple Plan,1,1,,
2992,Annie,1,1,,
2993,Marcus Marr,1,1,,
2994,Life of Dillon,1,1,,
2995,Dimmi,1,1,,
2996,Bob Bradley,1,1,,
2997,Andreas Fahnert & The Golden Eckats,1,1,,
2998,Laidback Luke,1,1,,
2999,Max Joni,1,1,,
3000,Mat Zo,1,1,,
3001,Porter Robinson,1,1,,
3002,Allertz,1,1,,
3003,Audien,1,1,,
3004,Kato,1,1,,
3005,M-22,1,1,,
3006,Corona,1,1,,
3007,Kleerup,1,1,,
3008,Oliver Heldens,1,1,,
3009,Xperience,1,1,,
